time_h,load_kw
0.0,35.5003840153233
0.25,34.65572640027793
0.5,35.77834005200574
0.75,35.23983289796306
1.0,33.0263584317399
1.25,33.04693821003857
1.5,35.97310231408708
1.75,37.32691311204672
2.0,35.25085092984777
2.25,34.31701134276455
2.5,37.605841801374595
2.75,37.389997584734786
3.0,36.39964657111384
3.25,36.125739651106045
3.5,36.71945370254209
3.75,36.403194249963654
4.0,34.93300496422394
4.25,34.81992681363599
4.5,34.74392414632567
4.75,34.6483779789772
5.0,33.780471163735314
5.25,34.06701234689221
5.5,37.036311931853135
5.75,40.16208955858927
6.0,42.170056649152826
6.25,44.21455405140119
6.5,44.4007203910298
6.75,49.29991631018644
7.0,52.41502967130137
7.25,55.056580010488425
7.5,56.969447719469606
7.75,58.23257004672597
8.0,59.85803518187525
8.25,82.31083866759893
8.5,86.20261904997618
8.75,84.18368249001148
9.0,83.96966609538592
9.25,84.49113635511294
9.5,82.5991087624728
9.75,84.81587643024525
10.0,85.37992550921639
10.25,85.36904691329644
10.5,82.77707034005657
10.75,85.86351179880086
11.0,88.02320351537583
11.25,84.90443693442968
11.5,89.5634620583402
11.75,88.80720074142077
12.0,89.20593798443792
12.25,93.14619062773491
12.5,92.7350496990781
12.75,91.44433026280846
13.0,91.9773707173967
13.25,94.5752069645171
13.5,94.01441641007358
13.75,95.41858313127682
14.0,94.94650715924973
14.25,97.61662603462088
14.5,95.95613146127222
14.75,94.39090185512087
15.0,92.14304343584897
15.25,91.6570844263591
15.5,91.88292664006512
15.75,89.4103892931413
16.0,89.19014900108462
16.25,66.14341190907359
16.5,63.37730804849851
16.75,60.5901493229742
17.0,55.70721674729365
17.25,52.588223742201095
17.5,50.77821281429138
17.75,44.84718861702287
18.0,44.681287555829435
18.25,44.258589793173435
18.5,43.474099000984886
18.75,41.09026965258492
19.0,36.49851830405415
19.25,38.71469565080402
19.5,39.322382916447864
19.75,40.77449794379928
20.0,38.9602609771568
20.25,38.05885572762773
20.5,39.300545228432
20.75,38.721579947234844
21.0,37.88645292537658
21.25,38.4287518412417
21.5,39.04138066054669
21.75,39.04051043652796
22.0,41.76380466484974
22.25,41.14363456411072
22.5,40.558344093367204
22.75,40.8262587683753
23.0,39.25585210216107
23.25,36.21126144088028
23.5,33.292086168328325
23.75,34.42520128088462
24.0,33.87296732321446
24.25,34.698463678916944
24.5,35.42766308292272
24.75,33.393789126211786
25.0,34.59923106635434
25.25,35.64834601468695
25.5,35.48899793985837
25.75,38.38067127285739
26.0,34.33403440734219
26.25,34.9646177124705
26.5,35.776421771601186
26.75,36.273172573405276
27.0,37.17392401101002
27.25,33.27117802094567
27.5,36.6863680038359
27.75,37.50022231517917
28.0,33.97010422444465
28.25,34.33275156007653
28.5,33.93760335273226
28.75,34.16881118089965
29.0,34.19800973863528
29.25,34.76979403681959
29.5,37.415549484500026
29.75,40.07726341318505
30.0,41.57488697869407
30.25,44.74596323684574
30.5,44.08840788944821
30.75,50.293659821062796
31.0,52.83740830561995
31.25,54.98263006663005
31.5,56.291103009818706
31.75,57.45022200878773
32.0,59.73052637819704
32.25,82.19803545444128
32.5,85.19682982424492
32.75,81.67802404973428
33.0,84.7187644998552
33.25,85.1090701349767
33.5,81.95278368366138
33.75,83.149704561213
34.0,84.95018518546314
34.25,85.66401921288562
34.5,85.43931093903704
34.75,88.54521294174147
35.0,88.32092713951108
35.25,83.6962102176688
35.5,86.55998699966071
35.75,88.85131665498993
36.0,87.7140833260557
36.25,92.66325429806633
36.5,91.8338335013283
36.75,90.67225115055354
37.0,94.50050676804001
37.25,95.05192674831974
37.5,94.32615422732769
37.75,95.02180722669435
38.0,93.54696646577206
38.25,95.63537681431315
38.5,96.76818002614714
38.75,95.19055341410927
39.0,93.95618772893765
39.25,92.97470896736793
39.5,91.22087797642097
39.75,87.63922319536499
40.0,87.5138056590594
40.25,64.62483860933791
40.5,65.85450285318211
40.75,60.23111443641438
41.0,55.68773006977284
41.25,51.87660088899568
41.5,52.98547215050355
41.75,46.365426797132216
42.0,45.44410194417295
42.25,43.72066652298424
42.5,42.67688556948493
42.75,40.845856499999236
43.0,36.470787470049906
43.25,37.33055019596006
43.5,37.418854948160906
43.75,41.25643240124164
44.0,40.08257699600983
44.25,38.88077328226782
44.5,39.54496074888719
44.75,39.38914398083571
45.0,40.38829431267244
45.25,38.16116186181997
45.5,39.099855769915685
45.75,40.13430502786016
46.0,41.71181444440544
46.25,42.23285938007677
46.5,40.076193421616324
46.75,39.70027522116422
47.0,38.31099121495956
47.25,37.941907584017926
47.5,36.70308632306965
47.75,35.692794540025105
48.0,34.81247961443288
48.25,37.15715479876063
48.5,33.92084317415579
48.75,33.40454116261602
49.0,35.62072041508278
49.25,33.9545125940413
49.5,35.84014004419972
49.75,37.47971280586579
50.0,35.605226636150995
50.25,36.57753713165185
50.5,36.817028733413515
50.75,37.256144442582695
51.0,34.2834437725216
51.25,34.9497800422079
51.5,35.408714089997176
51.75,36.043673652423266
52.0,33.68610181321269
52.25,35.44468597376417
52.5,34.78137638737441
52.75,33.37191117222389
53.0,33.995965019874994
53.25,34.263772457962574
53.5,35.486097498817145
53.75,41.31937686596268
54.0,43.136499908319855
54.25,45.904085709332165
54.5,43.71390552622655
54.75,48.23852963415166
55.0,51.778438242824876
55.25,54.86825579875176
55.5,55.00437347705285
55.75,57.554596990877215
56.0,60.46076769257466
56.25,83.35283972598572
56.5,88.1041136649346
56.75,84.93155480857226
57.0,83.23037020248198
57.25,85.0439094705263
57.5,81.96014797632702
57.75,83.57457662845707
58.0,84.95227634160328
58.25,86.03174626587948
58.5,82.71349620960166
58.75,84.97720403566635
59.0,85.75922867649643
59.25,84.52308241715576
59.5,87.62961886853245
59.75,88.05416576528002
60.0,87.65016364319844
60.25,92.98434900399347
60.5,90.68820190903148
60.75,89.34599679157893
61.0,95.56377364928066
61.25,93.60745559960037
61.5,93.38800348591174
61.75,97.89437450784148
62.0,98.12671657971683
62.25,94.95011809456113
62.5,96.45371362017742
62.75,93.76417905146991
63.0,95.55461085187036
63.25,91.00511237791663
63.5,91.474895729018
63.75,89.60150453784375
64.0,88.9136884957584
64.25,64.97390860264356
64.5,63.592210156230905
64.75,59.677605307268784
65.0,54.61106712206183
65.25,52.513140577073756
65.5,52.28606902725556
65.75,45.42514861220734
66.0,46.07227836437618
66.25,44.7741448669395
66.5,43.48710259258279
66.75,40.75154070691636
67.0,36.978926297968556
67.25,38.55624035281872
67.5,37.97523448893768
67.75,41.400338745192826
68.0,38.4061991411859
68.25,40.81394997762497
68.5,41.23695397747232
68.75,39.48916439378967
69.0,38.319235361270856
69.25,36.829367888472696
69.5,40.701925953838284
69.75,39.29076554294741
70.0,41.76320140933544
70.25,38.95251740110658
70.5,40.8203974659526
70.75,41.379164591099084
71.0,38.56871972979074
71.25,35.81945484433673
71.5,35.24313780664287
71.75,35.92478055166395
72.0,34.90349574976531
72.25,35.592222238452464
72.5,34.775911477992395
72.75,34.45183069367432
73.0,36.44888559338689
73.25,31.782459275969586
73.5,35.60841164641011
73.75,37.81966812576275
74.0,35.56364607703916
74.25,34.79814068901684
74.5,34.96972204403318
74.75,36.94020113301995
75.0,38.06096608771681
75.25,33.46463703922188
75.5,37.115772373988236
75.75,36.933961489724
76.0,34.50292983431259
76.25,34.72591090376104
76.5,33.531017672662514
76.75,35.998348484662415
77.0,34.54798876926829
77.25,36.4802534967061
77.5,36.9911824821568
77.75,40.75570571958765
78.0,44.34231899748372
78.25,45.00568076062772
78.5,44.696399382273505
78.75,48.63790129228765
79.0,52.068842875564584
79.25,53.92833518418026
79.5,55.817384053194
79.75,57.46068143999572
80.0,61.15262825336445
80.25,82.93396033834165
80.5,86.757886720868
80.75,83.80557918602184
81.0,85.9042597106876
81.25,86.06206752321413
81.5,81.8515497225108
81.75,84.09833046952235
82.0,83.46466414541813
82.25,84.30761280262497
82.5,84.95380848062199
82.75,86.26888428663183
83.0,87.20758727765634
83.25,83.67203097126027
83.5,88.72481537326827
83.75,87.36704504326497
84.0,87.85588414396945
84.25,93.39062102979727
84.5,93.6012423364948
84.75,91.42180350919436
85.0,91.14323702865427
85.25,95.19924490990466
85.5,94.55682263759896
85.75,96.47135126489285
86.0,96.83785909212763
86.25,94.05844644658174
86.5,96.23085915177435
86.75,94.01352982332276
87.0,92.24431880801082
87.25,93.46791850439838
87.5,92.08853018766077
87.75,89.67075094762542
88.0,87.90797875976997
88.25,66.16382836383987
88.5,64.79450467673598
88.75,61.28537913577594
89.0,55.08364175873519
89.25,53.04987130636444
89.5,51.19055387288992
89.75,45.832947150786
90.0,45.448217309378684
90.25,44.14482291347316
90.5,44.331497511824615
90.75,39.341248216538744
91.0,36.80076192007111
91.25,40.03761150738628
91.5,37.953204293667966
91.75,40.2615944662292
92.0,38.70579193143058
92.25,39.5651668591797
92.5,39.675025130557735
92.75,40.43227843167016
93.0,39.93908655353215
93.25,38.78359942734618
93.5,40.064899502073516
93.75,41.355669418146356
94.0,41.07789631707779
94.25,38.69358109601426
94.5,41.49721334591156
94.75,40.4670448219279
95.0,39.787030858548256
95.25,37.6005303366472
95.5,33.377161061227426
95.75,34.620666539201565
96.0,33.594388998450015
96.25,34.901574216493
96.5,35.46752546221628
96.75,34.82345602438462
97.0,35.25366779972229
97.25,32.936351833008516
97.5,33.53515847428715
97.75,37.69750928978068
98.0,34.79587605371373
98.25,35.629441042054744
98.5,37.42839745273304
98.75,36.75044708136452
99.0,37.09374895892848
99.25,35.22770981825308
99.5,36.782009065891515
99.75,36.55781344997701
100.0,34.38464276630998
100.25,35.97558551112194
100.5,34.68600232043581
100.75,34.30456271773888
101.0,34.48650078301269
101.25,34.48210309938077
101.5,35.696228425850975
101.75,41.14613808268215
102.0,40.605324100261775
102.25,43.27021527381466
102.5,42.38622580803363
102.75,46.60085612597406
103.0,51.3240326195502
103.25,55.37519290720828
103.5,54.54291605221657
103.75,58.836775145052435
104.0,61.459495407657585
104.25,84.4522975281145
104.5,85.51750169267454
104.75,84.40829608685999
105.0,84.1757402114749
105.25,84.49389460824801
105.5,82.8291896259653
105.75,82.68474712985554
106.0,83.7485374842793
106.25,84.46787595691681
106.5,84.24616506672386
106.75,87.35212030690012
107.0,86.52433619085805
107.25,85.0785758059606
107.5,87.65148934123448
107.75,89.05830228110929
108.0,88.3959377706783
108.25,91.24770573239849
108.5,93.3742272919566
108.75,90.20804132416119
109.0,92.90062629887882
109.25,93.82512576958472
109.5,93.83050578767883
109.75,96.48535142021508
110.0,95.03240506954
110.25,96.45034672566896
110.5,97.18388443089431
110.75,94.74328515605757
111.0,93.48312705660038
111.25,90.51511163949914
111.5,92.7873959915321
111.75,88.49267878968476
112.0,89.59351486586915
112.25,65.73344178705614
112.5,63.5948955905436
112.75,61.40127700968507
113.0,56.8002534261628
113.25,54.856508596136464
113.5,52.12328027276208
113.75,46.14066642434343
114.0,46.67697999929743
114.25,42.915768016352324
114.5,43.664743637532574
114.75,40.3739214505633
115.0,37.23967916184824
115.25,37.7227871537779
115.5,37.10722502917156
115.75,39.01086104752823
116.0,37.386101626609786
116.25,38.26210638375505
116.5,39.37040748834831
116.75,41.04054900366269
117.0,40.188285940872916
117.25,36.97968824411449
117.5,39.85849145320038
117.75,38.62093808144995
118.0,40.998694167903736
118.25,40.88242903749616
118.5,40.51213010136981
118.75,40.585485769000705
119.0,40.743001946939586
119.25,35.14904142564427
119.5,34.98575966464862
119.75,38.46998747990354
120.0,35.41874667819414
120.25,37.128925013124594
120.5,35.11940903437249
120.75,34.88004527690164
121.0,34.92061042600104
121.25,34.17871013573668
121.5,35.065779514194375
121.75,38.07345706334785
122.0,34.41611489816629
122.25,35.83564050665156
122.5,37.81173083095768
122.75,36.97873705654307
123.0,36.04736713999693
123.25,35.45246402344671
123.5,35.94327130474363
123.75,38.19803383831204
124.0,32.732848095926315
124.25,35.44320204634634
124.5,31.874661849894395
124.75,33.20324305973625
125.0,35.32919575709449
125.25,35.64312687326784
125.5,35.094290359894316
125.75,38.81411558461718
126.0,39.63385563347428
126.25,44.02319209395679
126.5,46.28882621772385
126.75,49.36935651728601
127.0,51.44272477365589
127.25,55.09083921698085
127.5,53.2668417656047
127.75,58.34166170041295
128.0,60.46975538396253
128.25,83.03851074402577
128.5,86.37744574909077
128.75,83.39935542352664
129.0,84.75193957114878
129.25,84.64292054984472
129.5,84.32140538657458
129.75,85.79422059004455
130.0,83.66652181836153
130.25,83.93819698927668
130.5,84.77836438366549
130.75,85.44000648903908
131.0,89.31033909830165
131.25,84.24321262580848
131.5,90.14707885666272
131.75,88.71509100945154
132.0,88.78525324468872
132.25,94.64332957991593
132.5,92.08415982294395
132.75,89.87191994104496
133.0,92.98596232922401
133.25,95.34721213151754
133.5,92.91902999218587
133.75,96.69493188217128
134.0,94.68287809285867
134.25,97.26949738412004
134.5,94.42770227206499
134.75,92.63605772542523
135.0,92.13944505623067
135.25,91.16573998998092
135.5,91.96783947606906
135.75,88.64494033633225
136.0,88.22554485234376
136.25,65.1908798024936
136.5,63.92942136136689
136.75,60.04396507369566
137.0,55.55609050693555
137.25,53.44219403746819
137.5,52.4389370752854
137.75,46.53700927377761
138.0,45.8971578426397
138.25,45.796502351850734
138.5,43.24457909386181
138.75,40.09270108018258
139.0,36.17224337003331
139.25,37.52389328914947
139.5,37.45232073487945
139.75,40.1950471702886
140.0,38.432805357947316
140.25,39.05507679719209
140.5,39.71474113354923
140.75,38.33778256380346
141.0,39.98247713498559
141.25,38.68119203275707
141.5,39.3511346933274
141.75,38.37510017313556
142.0,41.83148592677363
142.25,40.88507697556688
142.5,38.44483172497937
142.75,40.85676399690032
143.0,39.941186226279605
143.25,35.39128486529892
143.5,35.1692639951238
143.75,34.41749126804992
144.0,36.53185303558104
144.25,36.94366049157786
144.5,34.77537152189632
144.75,34.66272251941092
145.0,32.56747165459386
145.25,33.19277005663555
145.5,35.55148299076767
145.75,36.571022682963445
146.0,35.98204856998272
146.25,37.16735180108613
146.5,35.549829107082466
146.75,35.774742245220644
147.0,36.569064241862556
147.25,36.609614592637634
147.5,35.02957004775014
147.75,37.51152283515383
148.0,36.38555303095455
148.25,34.12705026628572
148.5,32.58440463817256
148.75,34.27469728350262
149.0,33.44474511442517
149.25,35.560543179049795
149.5,36.055430312999945
149.75,38.54165698101595
150.0,43.113794874216744
150.25,43.98914871453377
150.5,45.14285842241769
150.75,48.30688470938544
151.0,51.36568177660314
151.25,55.16689061828507
151.5,55.59072660093608
151.75,59.08708442704678
152.0,58.68468059356198
152.25,83.66264583577507
152.5,84.55233157572628
152.75,83.28998630887885
153.0,82.65987911764174
153.25,85.77761497961853
153.5,82.61699107385665
153.75,82.88264899216003
154.0,85.35049147449534
154.25,85.06753716666799
154.5,82.82860324595237
154.75,87.0825293247552
155.0,87.46586528466536
155.25,84.71785601167161
155.5,88.96094672807061
155.75,87.96393925851747
156.0,88.99816071476594
156.25,92.5451592110813
156.5,92.03429197817191
156.75,92.17568467677326
157.0,92.39394048473993
157.25,92.4820978499449
157.5,96.09572605937828
157.75,98.60678893212716
158.0,94.81638014502708
158.25,94.18484668276629
158.5,96.51147860076952
158.75,93.13640055068873
159.0,93.6359893664425
159.25,90.87858141442302
159.5,92.29973471743659
159.75,89.3486743370681
160.0,86.98451680147247
160.25,66.04926140556854
160.5,65.77871810269284
160.75,61.22446144807583
161.0,54.511915703967986
161.25,52.637524852675185
161.5,52.669155904597865
161.75,44.249804225519135
162.0,45.76513054480834
162.25,43.37096509965686
162.5,45.179498277870366
162.75,40.225611564712196
163.0,38.5936585615102
163.25,37.4524152619453
163.5,39.284051689283324
163.75,41.40324474731075
164.0,37.634438491734606
164.25,38.89817778333132
164.5,40.87611791182867
164.75,38.77952613694657
165.0,37.39032992179586
165.25,37.92421653397867
165.5,38.60835990595691
165.75,38.68567537913639
166.0,41.20147023625871
166.25,38.99145117206526
166.5,38.27730064507374
166.75,41.406811088410244
167.0,39.15643171803554
167.25,33.726235309966114
167.5,35.76426463889449
167.75,36.14468350858195
168.0,34.481792111532386
168.25,34.378880295460185
168.5,35.86369675251362
168.75,34.648618804132276
169.0,37.35999590307781
169.25,34.76930631562582
169.5,36.23296505218181
169.75,37.47622777428174
170.0,36.08442795455285
170.25,35.795140471586286
170.5,37.978168835076964
170.75,36.090882730668554
171.0,35.89820840060866
171.25,34.51939527322603
171.5,37.04274608146903
171.75,38.76086115314362
172.0,34.10541368699214
172.25,35.3540356866719
172.5,34.179551068888195
172.75,34.45254238995055
173.0,34.91738718042047
173.25,32.496164600677105
173.5,34.987065546262215
173.75,39.53420270669663
174.0,40.27802845892979
174.25,43.603049157520616
174.5,42.953255089630524
174.75,48.733367591303534
175.0,53.115262951365644
175.25,54.380698356289834
175.5,53.79698639832799
175.75,58.58203052189705
176.0,61.41945153238814
176.25,82.1486525797319
176.5,84.67606474347923
176.75,83.61325915656481
177.0,83.86207743730999
177.25,85.97877752278495
177.5,83.40994318636874
177.75,84.86694729051011
178.0,83.6015932239723
178.25,84.81380799420297
178.5,83.23189003298211
178.75,84.41545955163001
179.0,86.3430397583664
179.25,85.37149737297534
179.5,88.34108089817403
179.75,87.56132491099876
180.0,88.43084548444268
180.25,94.20663041559533
180.5,90.1651924550162
180.75,89.3164033470666
181.0,92.5116400953571
181.25,96.35605704759473
181.5,94.76737604728568
181.75,96.82477821998138
182.0,94.08148849135019
182.25,95.00214884811595
182.5,97.26977629368817
182.75,93.48089783146484
183.0,94.37465202632889
183.25,91.80429846541642
183.5,91.99831730141474
183.75,88.98228604668712
184.0,89.2566898103767
184.25,66.15707295581814
184.5,62.106161126355175
184.75,58.80523256029792
185.0,55.850986263688
185.25,53.96725316034465
185.5,51.033276118115964
185.75,44.120640424480726
186.0,45.699774662838244
186.25,44.6922672754702
186.5,45.12926778734864
186.75,40.916081870618605
187.0,36.55405425380499
187.25,37.66302533814245
187.5,38.70824381415118
187.75,40.784579779634264
188.0,37.48841783387058
188.25,40.769537319557664
188.5,41.448767477069204
188.75,40.2393665247886
189.0,38.161442173156495
189.25,38.7967986847534
189.5,40.15040941024732
189.75,39.47056194200432
190.0,42.5327232729876
190.25,41.33247453094205
190.5,40.63297322069875
190.75,41.561650536256934
191.0,40.01994182220733
191.25,34.5073685220725
191.5,35.06304167969691
191.75,35.31612179445858
192.0,33.91582597792885
192.25,37.37752712581925
192.5,36.756884197084986
192.75,35.65848878186746
193.0,35.23260703724961
193.25,35.69974283785354
193.5,35.85731509152162
193.75,37.84595298128808
194.0,34.17418071689008
194.25,35.56704657483697
194.5,36.786829754936186
194.75,35.30955353247137
195.0,36.282418761736025
195.25,34.918768880281206
195.5,38.04950552693469
195.75,38.1567000413603
196.0,34.57569961923291
196.25,36.02759672426607
196.5,33.90968622312259
196.75,34.495389905167904
197.0,32.88290632989229
197.25,34.59689001368922
197.5,35.06767233652659
197.75,39.06630350173493
198.0,43.109606285863464
198.25,44.957952261822655
198.5,42.08170369410837
198.75,48.811787608327236
199.0,52.9979984456053
199.25,55.68498274637686
199.5,55.85363696148438
199.75,58.677898270012044
200.0,59.52523258297764
200.25,82.04091256848875
200.5,85.93124453215104
200.75,83.43399023165576
201.0,85.37094466464586
201.25,86.43127248241755
201.5,83.29136132163286
201.75,82.92107776355968
202.0,84.31756474100204
202.25,85.04312383980177
202.5,83.24049680195586
202.75,85.05345636765648
203.0,88.159402521205
203.25,84.18179059629006
203.5,88.06396719666664
203.75,88.89505802694953
204.0,88.12503184123682
204.25,93.32271594722438
204.5,92.71913432324024
204.75,89.67361303587835
205.0,92.95328541338695
205.25,96.33265512079086
205.5,93.3227095516321
205.75,93.94080653054962
206.0,93.3598042572339
206.25,96.15079466996315
206.5,96.85287985499816
206.75,93.30501264510427
207.0,95.04010303639326
207.25,89.31913502324194
207.5,92.11610744939094
207.75,90.38560516358558
208.0,87.35114165640006
208.25,64.97025816208377
208.5,62.973141203518324
208.75,60.15815506956124
209.0,54.522978861013456
209.25,54.20701335076721
209.5,53.89128581311682
209.75,45.644536605986204
210.0,47.50580005589551
210.25,43.79700552610429
210.5,45.085364291615406
210.75,40.306485648863664
211.0,37.05682877643683
211.25,38.921630432370144
211.5,41.87564620184806
211.75,41.93513005836431
212.0,37.796221209647925
212.25,39.689779538970235
212.5,39.301766537912734
212.75,38.61356765833196
213.0,39.99089393085773
213.25,37.97286494822727
213.5,39.789358915261225
213.75,39.04200153966556
214.0,41.61964113254926
214.25,41.12206928551693
214.5,37.955992051689
214.75,41.591316921494254
215.0,38.69713099437492
215.25,34.84868051622727
215.5,34.92100935842767
215.75,35.956294756622164
216.0,34.50216077099658
216.25,36.5267423641864
216.5,33.685713689828376
216.75,33.892324432799285
217.0,34.39251948546073
217.25,34.30253044656155
217.5,36.12412619556704
217.75,36.63526275476676
218.0,35.99193476480829
218.25,35.23305763867283
218.5,34.83449757319986
218.75,34.653614208908806
219.0,36.32129658062331
219.25,34.77753112635166
219.5,36.14852424671541
219.75,37.234504256316676
220.0,34.78981401965162
220.25,36.726459024313286
220.5,32.75436894410083
220.75,33.52633229706266
221.0,32.872009669393194
221.25,35.03685855846486
221.5,37.05871797182555
221.75,39.885279602418564
222.0,40.09668462715628
222.25,42.86269473927904
222.5,43.03537448268044
222.75,48.37674335832715
223.0,51.593908432450654
223.25,54.664340130461454
223.5,54.5160537877767
223.75,59.68832467365399
224.0,59.69426060526542
224.25,82.26229343637127
224.5,86.06551516592114
224.75,81.51906812736448
225.0,84.4733052583608
225.25,85.43384601580175
225.5,83.27614748824587
225.75,85.7535597495698
226.0,84.01446389271823
226.25,86.88619081551532
226.5,83.21714859811716
226.75,84.35433403076391
227.0,87.97643728722991
227.25,83.6095031373819
227.5,87.94027743257851
227.75,88.98063849266158
228.0,89.08260651001615
228.25,92.45644385799177
228.5,93.43333544543451
228.75,91.97054979499106
229.0,94.87082829381566
229.25,95.42429158800012
229.5,95.84821777645207
229.75,94.1766625515461
230.0,94.90374286184796
230.25,95.25467946706306
230.5,96.94118843809285
230.75,92.85117428133266
231.0,93.65975536551504
231.25,93.87414433654892
231.5,91.55045377853973
231.75,89.23795927897223
232.0,88.24665309136753
232.25,65.42577796183049
232.5,63.73204980118302
232.75,61.50082518161193
233.0,56.014548401583674
233.25,54.42692206468604
233.5,52.36351921953847
233.75,46.57002271706195
234.0,44.449875332645476
234.25,43.673552306704046
234.5,44.27196272979791
234.75,41.265752936934305
235.0,37.13738068318573
235.25,39.44254991929526
235.5,39.187559231474346
235.75,42.284150741778845
236.0,38.7928448965565
236.25,38.365083353123346
236.5,39.999440331930096
236.75,36.17272346538039
237.0,39.46517830735067
237.25,34.29336653524133
237.5,37.787319593344
237.75,39.47978491874126
238.0,41.760587343210624
238.25,39.53467460794084
238.5,39.18085694251548
238.75,42.29528524149885
239.0,39.19512028263255
239.25,38.533899964189665
239.5,34.97750074911001
239.75,36.280349930188976
240.0,36.812541334067475
240.25,35.826737622711846
240.5,34.02554487550848
240.75,34.18954072987756
241.0,34.94178288420364
241.25,32.98437606469932
241.5,35.58942983957897
241.75,36.900963610392864
242.0,36.1920098445395
242.25,35.204667144523384
242.5,36.4436480773642
242.75,36.50602371868326
243.0,36.55673789195879
243.25,35.61531264382779
243.5,35.252232131620666
243.75,36.22089908022562
244.0,35.66893339554397
244.25,35.366472542260254
244.5,32.44863175242152
244.75,35.14211659934656
245.0,34.428703333313265
245.25,33.21722663403944
245.5,36.043252308642714
245.75,41.052202133086446
246.0,42.972770923022196
246.25,45.19866908565081
246.5,42.4641421073857
246.75,49.26551240081856
247.0,51.69967730023493
247.25,54.14296884875589
247.5,55.69835572801887
247.75,60.11825957378481
248.0,62.16464796554715
248.25,84.43941926735272
248.5,85.4769054457705
248.75,83.40743036031694
249.0,84.85043642482503
249.25,85.45247078137494
249.5,83.55435416607557
249.75,84.98903677429674
250.0,84.57738869198701
250.25,84.09660570861757
250.5,83.0281069815094
250.75,86.26526085346788
251.0,87.90951099743505
251.25,85.02595831456901
251.5,89.3621125225942
251.75,88.20876372974848
252.0,89.28327258499583
252.25,93.45745416170442
252.5,91.21111721347664
252.75,92.25534682815616
253.0,92.93378179349546
253.25,93.23978283768922
253.5,93.43974535478009
253.75,95.03641581884183
254.0,95.27382272913395
254.25,95.84783421784024
254.5,96.48513060932487
254.75,94.04232546601187
255.0,94.16578856865748
255.25,92.30801732698916
255.5,92.1300020322888
255.75,89.44030162978424
256.0,86.37096907951432
256.25,64.9856264216092
256.5,61.545823056257476
256.75,61.08856104243657
257.0,54.84460789381215
257.25,53.82506034187239
257.5,53.241533530350424
257.75,46.183250879278724
258.0,45.10037876443414
258.25,44.24659016166541
258.5,42.80375562759001
258.75,40.39839164707381
259.0,37.91190726735145
259.25,37.99838461373788
259.5,39.50247116172303
259.75,41.76124585221182
260.0,37.54869392246857
260.25,39.69467579691178
260.5,40.36216542036858
260.75,39.20524372860583
261.0,38.31996911293797
261.25,37.08257334188055
261.5,38.973120423846396
261.75,39.570610781092235
262.0,40.32743283854243
262.25,41.134615636700644
262.5,38.651203455516026
262.75,40.72067566844587
263.0,39.78879816877923
263.25,38.7361097968456
263.5,33.602104946765984
263.75,37.34432831979784
264.0,35.345509349556146
264.25,36.10688242453438
264.5,35.14623676958749
264.75,34.74399499976708
265.0,34.823708516031715
265.25,35.803167898358346
265.5,35.388790766695074
265.75,38.77539027656955
266.0,34.623284967139035
266.25,35.109803423936846
266.5,35.65448127422155
266.75,37.067229369653354
267.0,37.778741830479156
267.25,34.92114226431716
267.5,36.05505866158614
267.75,36.14786974977897
268.0,34.33496152658913
268.25,34.18601515474346
268.5,32.95259585829957
268.75,34.92508993607259
269.0,35.284346725021976
269.25,37.55715275252565
269.5,35.22718550810821
269.75,41.751919197303515
270.0,42.84213695171758
270.25,44.41543995514304
270.5,44.3010056572026
270.75,48.99638872950232
271.0,52.1126927853176
271.25,54.21742584465387
271.5,53.429690458800295
271.75,57.0953598605885
272.0,61.023522794228015
272.25,82.8479113057611
272.5,84.99055072774452
272.75,83.06321582401374
273.0,84.87854580595642
273.25,85.51165677510187
273.5,82.76753504152306
273.75,85.39157659806949
274.0,86.21585684099458
274.25,85.3204493003141
274.5,84.41624355868935
274.75,86.87331047254794
275.0,89.0366170226396
275.25,85.2998475148133
275.5,89.29038032746689
275.75,89.10326576599259
276.0,87.42968674681897
276.25,93.7793347151056
276.5,91.09011632926156
276.75,90.01844258184487
277.0,94.73809160506046
277.25,95.7350983435686
277.5,95.97218735405224
277.75,95.78578659583286
278.0,94.06940056919964
278.25,95.88124752631613
278.5,96.92399387420603
278.75,93.5016122168694
279.0,94.95959368622147
279.25,91.63069903134144
279.5,92.07220804676304
279.75,87.8355398123474
280.0,88.92923969933558
280.25,65.3531732240593
280.5,62.97621978246243
280.75,60.816671753463915
281.0,54.66506511952127
281.25,52.50937293774561
281.5,53.82524037989698
281.75,45.88202982871847
282.0,45.356843731653704
282.25,41.66397809150953
282.5,42.43746591293485
282.75,40.1367108740608
283.0,36.23991827421404
283.25,39.9378635531051
283.5,38.53185474708431
283.75,42.372288732837774
284.0,38.565190373649756
284.25,38.75800950511596
284.5,39.57480262728457
284.75,39.10711409285463
285.0,40.80108757401548
285.25,35.6221686337049
285.5,37.50923725631074
285.75,38.484845486744156
286.0,41.2975858878814
286.25,41.38720781284479
286.5,40.3660461824219
286.75,40.54049834000415
287.0,40.69819410744699
287.25,37.32117505493941
287.5,35.16347843355792
287.75,36.83497132579455
288.0,35.468312199001
288.25,35.13422747973554
288.5,35.72570569519929
288.75,34.409881304150524
289.0,34.978733467148224
289.25,35.82207128909046
289.5,33.39438978237971
289.75,36.225471534230735
290.0,34.08058166097769
290.25,34.806794622769324
290.5,36.47183565674574
290.75,35.10488000153279
291.0,35.348457841241796
291.25,34.137656765614445
291.5,38.709368452365936
291.75,39.06422866059404
292.0,34.15250476245679
292.25,35.41522612415819
292.5,32.7162698478301
292.75,32.79017347673819
293.0,33.848453340872055
293.25,33.750089908052125
293.5,35.7289200615171
293.75,38.7164131916146
294.0,41.836410013005676
294.25,44.71531469719225
294.5,44.234620803260384
294.75,49.351944204564376
295.0,50.68180807554834
295.25,55.480444737616104
295.5,54.027588421997294
295.75,59.27184297771789
296.0,60.3596392343286
296.25,81.74822389676886
296.5,85.2704419228195
296.75,83.42007393935435
297.0,84.6965789335154
297.25,85.19030493463106
297.5,84.95536886876508
297.75,85.1727944134071
298.0,84.38001722161319
298.25,85.57601445712818
298.5,85.37637353253345
298.75,87.59183507651717
299.0,86.6785178254126
299.25,83.75921522654352
299.5,90.17695206712587
299.75,87.52532414180845
300.0,87.20448328807434
300.25,92.59241742754698
300.5,92.8661570098627
300.75,90.71064533035882
301.0,92.78396291684678
301.25,94.22066571914989
301.5,93.77245199995367
301.75,95.17795135086122
302.0,97.50328228775248
302.25,96.41919579457203
302.5,97.7087216313702
302.75,92.93354603241048
303.0,93.63995653027871
303.25,91.27841547497452
303.5,89.06846524004091
303.75,87.44615768493415
304.0,86.66830374131138
304.25,63.100280895922054
304.5,62.530674146448845
304.75,62.3774567950204
305.0,54.80480469833214
305.25,54.070091829403886
305.5,52.46488171453018
305.75,46.76303465674151
306.0,44.699842846526465
306.25,44.28538000331234
306.5,44.06038749898867
306.75,39.82313700628346
307.0,37.485311321006854
307.25,39.12234371830214
307.5,38.147239901350446
307.75,39.961076051248526
308.0,37.31935740770112
308.25,38.80728721061584
308.5,39.99060894378639
308.75,38.31079201077526
309.0,39.10887791229172
309.25,38.5123163965946
309.5,40.12897371541472
309.75,40.57989643792276
310.0,42.56003883814187
310.25,39.69581195532423
310.5,41.57654519393244
310.75,40.393767748329005
311.0,40.724023226659654
311.25,36.358966277837766
311.5,34.56727122382939
311.75,34.06461689353277
312.0,35.02410242535252
312.25,34.136327271212814
312.5,35.995188092042056
312.75,35.816060838711095
313.0,34.18048263109704
313.25,34.65108845942016
313.5,35.11987038891182
313.75,37.01467097425351
314.0,36.042146791217434
314.25,35.13151700849472
314.5,38.46609186844278
314.75,36.129973170602916
315.0,37.332952206027116
315.25,35.0959118570958
315.5,37.04772237003428
315.75,36.81532905551695
316.0,34.51469534258986
316.25,35.663310535166055
316.5,33.029416730172606
316.75,35.36038542454521
317.0,34.615582532858944
317.25,35.341496586201714
317.5,37.350736247096755
317.75,41.765963841894376
318.0,42.223439781466794
318.25,44.939739920323596
318.5,43.24481051621824
318.75,48.95782756193692
319.0,51.40254761058651
319.25,56.24582931661659
319.5,55.191498268942105
319.75,58.42095593500616
320.0,61.563896482803166
320.25,80.9539959860514
320.5,83.5725370325354
320.75,83.85054885251036
321.0,84.14408200115815
321.25,85.58173913233624
321.5,82.09719387484549
321.75,84.14204993157018
322.0,86.64018074841428
322.25,85.6500922647871
322.5,83.61228659248808
322.75,85.1922965656292
323.0,87.5119448543657
323.25,82.55655044850066
323.5,88.94967370131317
323.75,89.42908830112795
324.0,86.95140509419541
324.25,92.4171946659392
324.5,91.28846566815469
324.75,89.84769084216116
325.0,93.48800816407427
325.25,92.81047602588592
325.5,95.09905950272345
325.75,96.81131604945384
326.0,94.9705468224395
326.25,93.64097621340194
326.5,95.82554395096307
326.75,94.6555254346321
327.0,91.04791892673619
327.25,91.64444604415135
327.5,90.54017279649285
327.75,89.62873726336684
328.0,87.80380846914831
328.25,65.75401869460927
328.5,64.29149353991605
328.75,62.88872695536879
329.0,54.646298922361126
329.25,53.15557243670532
329.5,50.56884365850186
329.75,47.1708893943201
330.0,44.840230993759675
330.25,43.20067488503192
330.5,43.30942547006511
330.75,38.83689995317731
331.0,37.15454097931962
331.25,39.523622232652315
331.5,38.98972634597782
331.75,39.4949469193408
332.0,38.37967644526973
332.25,39.46281057167387
332.5,37.78561030903116
332.75,38.028551827415455
333.0,39.95883617504714
333.25,38.211874794653404
333.5,39.92275458287617
333.75,40.887511125423586
334.0,41.75161078445003
334.25,41.35499139851395
334.5,42.60370451161275
334.75,40.710939694794234
335.0,38.88126765058673
335.25,36.71877605003381
335.5,35.41841163167525
335.75,35.345598361361496
336.0,34.163269916014016
336.25,38.005554928608504
336.5,35.3547323265873
336.75,33.56698280016977
337.0,35.89332392267333
337.25,34.23997256533955
337.5,35.592380464601966
337.75,38.2054285763048
338.0,33.97576981912037
338.25,35.522682474255305
338.5,38.63939863424352
338.75,37.078383311503146
339.0,35.95740376976916
339.25,34.49139316370977
339.5,35.84160438694494
339.75,37.00852403479911
340.0,34.18644764738317
340.25,36.69512085553956
340.5,32.13226474180941
340.75,35.56030394037559
341.0,33.58564700213802
341.25,35.12488967699152
341.5,34.68678268297825
341.75,41.645250107507515
342.0,43.8440194314878
342.25,45.52627812763949
342.5,42.35365642968291
342.75,49.76359331688842
343.0,52.40715214734109
343.25,53.02048776034797
343.5,54.80350273482833
343.75,59.00351955214384
344.0,60.926353184769944
344.25,83.30187276279567
344.5,85.87787104424807
344.75,84.52832158954368
345.0,85.30964746295147
345.25,82.46423787829274
345.5,83.10615142332635
345.75,84.0006326148766
346.0,82.88457276528598
346.25,84.92007570322356
346.5,84.69133781975577
346.75,84.54478261614355
347.0,88.24291864492497
347.25,83.76992486040423
347.5,88.02012125671233
347.75,90.06099882681613
348.0,87.9844666012542
348.25,93.54082404725665
348.5,90.57471218432713
348.75,92.67535959836479
349.0,94.03717898355886
349.25,94.71237833822414
349.5,95.06033557436628
349.75,94.64764155057235
350.0,96.40418015222907
350.25,95.79769994789005
350.5,96.61789306191703
350.75,92.93096788556392
351.0,93.24526180471918
351.25,92.68664006797329
351.5,91.97608042506434
351.75,89.47591510318506
352.0,88.4701277318062
352.25,65.86326448495085
352.5,63.30718437682191
352.75,63.282232957048315
353.0,53.281310449605996
353.25,54.04046539064569
353.5,53.42180658835027
353.75,45.12831702506076
354.0,47.830013452387014
354.25,44.75691933206499
354.5,44.30281227173723
354.75,40.42780648554303
355.0,36.708544792172006
355.25,38.346747132687696
355.5,39.08732311880004
355.75,42.485030758553414
356.0,38.68479995746081
356.25,37.80933804555709
356.5,40.48802613738205
356.75,40.024468587627965
357.0,39.73695209941341
357.25,38.687278266981096
357.5,39.239854870591614
357.75,38.09902715066969
358.0,40.41486457530305
358.25,39.06164013962292
358.5,40.12990759594037
358.75,40.84129546965813
359.0,39.23916270967552
359.25,33.335360827441605
359.5,33.73210313259219
359.75,36.99315440471087
360.0,34.531040935505736
360.25,36.056302184175266
360.5,33.637203426224026
360.75,35.73797366393108
361.0,34.83336596033906
361.25,34.63915811338442
361.5,38.17104170280148
361.75,39.15959580497971
362.0,34.961086466065005
362.25,34.57683508546777
362.5,36.40089881499224
362.75,37.122103897782374
363.0,36.228391739301756
363.25,34.60325429913454
363.5,37.719125610999086
363.75,37.148276821069054
364.0,36.86384327317876
364.25,35.86955197821716
364.5,35.65079223924312
364.75,35.05562331267408
365.0,34.928294100530024
365.25,34.023330839778424
365.5,34.960011370591694
365.75,40.776324995673065
366.0,43.586937713781246
366.25,44.60694410388988
366.5,42.582017870392754
366.75,47.57421387953303
367.0,50.575160657519135
367.25,52.85813689454116
367.5,54.93728547804623
367.75,59.76402898481861
368.0,60.35686212402198
368.25,80.86419663850896
368.5,85.39587916706614
368.75,82.89191120065799
369.0,86.17961230326623
369.25,83.87415491915593
369.5,83.03291237556483
369.75,85.87113632296511
370.0,85.0866496793595
370.25,85.38920571850767
370.5,83.55716448436914
370.75,85.9612940143914
371.0,88.68412723651363
371.25,83.8762620188079
371.5,89.5700918593002
371.75,87.21060217576056
372.0,88.85539239419757
372.25,93.25735252153235
372.5,91.829637212196
372.75,90.79035676164428
373.0,92.81198638458682
373.25,93.82317685401266
373.5,94.13117432275274
373.75,94.9534723441485
374.0,95.54444687456966
374.25,94.97159922923412
374.5,97.53393959995651
374.75,92.24114443260058
375.0,93.25961829188375
375.25,91.3673660481297
375.5,93.04532030383496
375.75,89.15445690739861
376.0,88.26718861874737
376.25,65.84878411494338
376.5,61.61884077341726
376.75,61.00936752599786
377.0,56.846755043841256
377.25,52.91187457348538
377.5,52.12181230679864
377.75,46.52860421066855
378.0,46.496345085145386
378.25,41.76396235622981
378.5,41.64934678312329
378.75,40.6100755896033
379.0,36.21089438849317
379.25,39.86818122194722
379.5,38.38161813259531
379.75,39.1493137478064
380.0,37.23547182275539
380.25,35.9711056490638
380.5,39.42947353771416
380.75,38.914933713968786
381.0,38.65782986118372
381.25,39.02065839948585
381.5,40.709302837266115
381.75,38.857627894444164
382.0,39.148364338466976
382.25,41.31438496857304
382.5,40.448319212902994
382.75,41.23413582304167
383.0,40.66063016351334
383.25,35.126151555325634
383.5,36.98817598847149
383.75,34.91288600016584
384.0,35.94488986276972
384.25,34.00836281210507
384.5,34.09762416892923
384.75,35.81563682829718
385.0,34.716493797392886
385.25,35.189040322033684
385.5,36.08221729963904
385.75,37.53819754839013
386.0,36.63150241228475
386.25,34.933396445686235
386.5,34.9457057189483
386.75,35.80896555735413
387.0,36.88480760225432
387.25,35.394007550500525
387.5,34.684886110054606
387.75,36.53814419343869
388.0,33.98253283093919
388.25,35.413339820350764
388.5,32.489560256416844
388.75,34.069932781843974
389.0,33.23672304202105
389.25,35.51947515105807
389.5,36.62289190416935
389.75,40.17080858256926
390.0,42.2063446754452
390.25,44.70661191392853
390.5,43.05183609802087
390.75,47.78764016365492
391.0,51.062075850779664
391.25,53.99094584350908
391.5,53.66432631880687
391.75,58.80104462217346
392.0,61.0999935847305
392.25,81.53751309504857
392.5,85.61176833861671
392.75,82.83477440202425
393.0,84.4251222385776
393.25,85.31835406397188
393.5,81.9699906982324
393.75,82.90289434356339
394.0,84.66609491359792
394.25,85.85467356473676
394.5,81.22839267630226
394.75,85.97707705553572
395.0,89.09613971152274
395.25,84.53272246149446
395.5,89.24223577641845
395.75,87.88053611174828
396.0,88.40765822208914
396.25,91.45769803993787
396.5,90.10158699196924
396.75,91.7558078381952
397.0,92.44953160952792
397.25,94.43935033587097
397.5,93.09834681109619
397.75,94.64749127643628
398.0,95.0478117103818
398.25,95.39210752925084
398.5,97.19993357496016
398.75,93.87516191950898
399.0,94.14676285378937
399.25,92.23057024727332
399.5,93.297941779892
399.75,87.75657319273712
400.0,88.42398755508886
400.25,66.48275449439325
400.5,64.99057293008498
400.75,59.6307374662942
401.0,54.53688542438063
401.25,54.13764916294997
401.5,52.56197824282837
401.75,46.17573886250613
402.0,45.38305514839639
402.25,43.377628123411924
402.5,43.619892328004646
402.75,40.14741017353267
403.0,36.883192329346244
403.25,38.634754665842344
403.5,38.01872099398703
403.75,41.61597385740096
404.0,41.41773038801481
404.25,36.9437950293683
404.5,39.987611599187055
404.75,38.343127752614265
405.0,39.65969514848487
405.25,37.988336833783976
405.5,40.27263777479188
405.75,40.20352289430905
406.0,41.47547912371201
406.25,41.829155676494956
406.5,37.54866109060574
406.75,42.515196550800745
407.0,40.05421256609756
407.25,37.36882300753186
407.5,33.75954485744483
407.75,35.04154387170237
408.0,35.34160522971364
408.25,35.67867261718096
408.5,35.31095744420927
408.75,35.383783342501815
409.0,33.212173305090886
409.25,35.32293678861819
409.5,35.853543820877725
409.75,37.439373843265756
410.0,33.79653685296717
410.25,35.673103938714995
410.5,34.312335975480735
410.75,37.26059966054455
411.0,34.84151003807963
411.25,35.05195635675549
411.5,36.13277552296213
411.75,38.43202486014078
412.0,34.385599011127546
412.25,35.084670853319324
412.5,33.35887114904719
412.75,35.97118665871812
413.0,34.50163049646147
413.25,34.36231190977299
413.5,35.57732417321459
413.75,38.74944195007263
414.0,42.98685867216747
414.25,42.806871894193954
414.5,44.6202076713119
414.75,49.06309383831363
415.0,54.3892488592793
415.25,53.52562345375623
415.5,54.72513802755851
415.75,60.437272764033644
416.0,61.5616675512382
416.25,82.42839934426691
416.5,85.81060705577413
416.75,83.05670955370567
417.0,84.36556942043495
417.25,84.63261239609065
417.5,83.3342695754633
417.75,82.56723126714384
418.0,84.77179478988103
418.25,85.27591331841307
418.5,83.21516063470138
418.75,84.01629958514935
419.0,88.89504956908655
419.25,85.05027337569348
419.5,87.96601818269103
419.75,88.30300474580802
420.0,87.02635501858418
420.25,92.05320143046812
420.5,91.90811895403097
420.75,92.04146284925007
421.0,92.7950231463649
421.25,95.53509184020317
421.5,93.9464728615048
421.75,96.30540854037203
422.0,95.08025390833261
422.25,96.99474132347922
422.5,96.2871512387469
422.75,91.85009525052696
423.0,92.44396417610113
423.25,91.46009196240212
423.5,90.47111360428207
423.75,89.23437897746156
424.0,88.0131542564337
424.25,67.72467122390009
424.5,61.98831852560981
424.75,61.25613429434857
425.0,53.72128784253083
425.25,52.28612672670003
425.5,52.19531861096984
425.75,43.65510445615207
426.0,45.837565958619074
426.25,45.664336511393834
426.5,42.878234966545726
426.75,40.65959215532266
427.0,37.950692643516085
427.25,38.39220245970031
427.5,38.115832333949044
427.75,38.80810807979777
428.0,39.14447645899436
428.25,38.60761325896548
428.5,38.65091522360891
428.75,39.229914551510866
429.0,38.49861221415944
429.25,37.41335322934059
429.5,40.11707415685813
429.75,37.68963390647643
430.0,42.33037329201759
430.25,39.299417224962376
430.5,39.23025757603916
430.75,42.8476904469513
431.0,40.80650517584765
431.25,36.38858364428212
431.5,34.038890386785134
431.75,35.34304144660781
432.0,35.26894225015456
432.25,35.73323373885802
432.5,34.93701792657332
432.75,34.268435667487665
433.0,34.76301851068862
433.25,32.90713898126087
433.5,35.32875116875896
433.75,38.55777975837715
434.0,33.899317789800946
434.25,34.98049975879886
434.5,35.906689897740925
434.75,36.72355607870394
435.0,35.94498269248581
435.25,36.475892109112685
435.5,36.7585275144803
435.75,35.95068354706968
436.0,35.23548219175514
436.25,35.00415755820293
436.5,33.28847747364086
436.75,35.01212291007057
437.0,33.473586107550446
437.25,35.64079770761911
437.5,35.03926053166571
437.75,39.697672488066715
438.0,41.942013577767824
438.25,44.00104885353438
438.5,44.96760276102426
438.75,49.56326853943266
439.0,53.712241013717446
439.25,56.89340321137979
439.5,53.7970830866668
439.75,58.70940419043787
440.0,59.19407759430336
440.25,82.34700546809854
440.5,84.95655711714501
440.75,81.99755532315231
441.0,83.03172628014238
441.25,85.18700845355522
441.5,82.20687155977762
441.75,85.00741060155818
442.0,83.71891780059543
442.25,87.63546161508764
442.5,82.99119559638086
442.75,85.7033681176512
443.0,86.61117652176905
443.25,86.39184009582831
443.5,89.81153396119493
443.75,88.8805210633822
444.0,87.18022187258646
444.25,93.28927843597064
444.5,91.32449925437086
444.75,92.27539730044327
445.0,94.24372126910554
445.25,94.99031721936214
445.5,92.04841340111906
445.75,95.07404500086113
446.0,95.90941054207629
446.25,97.33456841510963
446.5,97.9311323884576
446.75,91.83061049828794
447.0,94.12746551427767
447.25,93.0074846728278
447.5,90.06183800937787
447.75,88.81626244640877
448.0,88.75276481960023
448.25,65.04930008902693
448.5,61.87387126534575
448.75,60.72680300556504
449.0,54.52193543578147
449.25,52.631455662534954
449.5,51.49042771220423
449.75,45.537463677784885
450.0,45.561033559484066
450.25,44.20388365408938
450.5,43.02724650205766
450.75,39.990135370149154
451.0,37.01812498864514
451.25,36.635240033832126
451.5,39.173827649706986
451.75,41.083281386396564
452.0,38.54317926619695
452.25,39.68151597628884
452.5,37.710783544948825
452.75,37.129483971374206
453.0,39.35609641628914
453.25,37.9346625053276
453.5,39.68095994394135
453.75,38.565889242627826
454.0,41.94741168018376
454.25,41.629742231071894
454.5,40.376941278345946
454.75,40.66391579448014
455.0,37.571461026590825
455.25,37.060215859823806
455.5,36.20114926850395
455.75,36.51687216529169
456.0,34.31602450820136
456.25,36.36950490018618
456.5,35.88841856416073
456.75,35.85808442937093
457.0,34.10128369616578
457.25,34.12266313235675
457.5,36.59253396206325
457.75,37.70056577582846
458.0,34.150324485300786
458.25,35.584671555364835
458.5,37.305105460326935
458.75,36.700168545636835
459.0,36.55320080073257
459.25,34.739792542452285
459.5,37.73022329600611
459.75,36.361794529134215
460.0,33.97693341737766
460.25,35.78979492799251
460.5,34.744427872719285
460.75,33.20093071986892
461.0,32.655036777515136
461.25,32.71021338356143
461.5,35.84646581843238
461.75,39.19831322345153
462.0,42.21383436129801
462.25,45.22806579178113
462.5,43.226868484693604
462.75,49.16575426856573
463.0,51.70295915195366
463.25,55.297873322576976
463.5,55.30292818594715
463.75,57.94705136693597
464.0,60.201626157546336
464.25,84.1683547935673
464.5,85.98001649765479
464.75,81.65774813953946
465.0,84.73923161421217
465.25,84.24668220963923
465.5,84.83610304812504
465.75,85.18938248226158
466.0,84.92655681393134
466.25,84.98312548842743
466.5,83.23354779131785
466.75,86.30987442713416
467.0,87.53573953677304
467.25,84.92131820834057
467.5,89.56396764691146
467.75,88.0217986491205
468.0,87.91083168137533
468.25,91.88424607752157
468.5,91.38145755426194
468.75,88.98464672552842
469.0,94.1643553262679
469.25,96.70379272295717
469.5,95.91011800783669
469.75,94.43137649089364
470.0,95.94650408203262
470.25,97.54379107331003
470.5,96.36515259622679
470.75,93.52407093117945
471.0,91.8180201566601
471.25,92.25870562432152
471.5,90.6566138455254
471.75,89.02380197969353
472.0,86.91771949910289
472.25,65.89292289835126
472.5,64.75054579617364
472.75,60.2693212539236
473.0,53.712318284626065
473.25,50.623505024532726
473.5,51.787485603554124
473.75,45.39888189674475
474.0,44.04972042948299
474.25,44.21444780543184
474.5,42.88170288304967
474.75,39.32404833987192
475.0,36.371198544750236
475.25,39.62746049865692
475.5,39.29972946623575
475.75,40.95381842202103
476.0,39.12259075806424
476.25,37.55986971230764
476.5,39.6959691757241
476.75,39.25064017171964
477.0,38.61245606246689
477.25,38.37723769641354
477.5,38.73034954610497
477.75,39.53783702557639
478.0,41.83491677747512
478.25,37.77994350738371
478.5,41.08326468790454
478.75,37.877111687531965
479.0,39.0631013886491
479.25,37.31632768604443
479.5,34.66213387703391
479.75,34.40612777083817
480.0,34.10192987385219
480.25,36.722616252839046
480.5,33.106384325650644
480.75,35.428259282533865
481.0,34.92229152135145
481.25,33.156722386458455
481.5,35.262146838617106
481.75,36.625931363288664
482.0,36.13387728821059
482.25,35.90248308010097
482.5,35.00728269263572
482.75,36.2086135307865
483.0,35.470430211208345
483.25,36.29200841259738
483.5,34.901845242163624
483.75,38.866715817531905
484.0,34.5309594406245
484.25,34.6168750080849
484.5,33.188199661009115
484.75,33.89668504919501
485.0,32.69071512526507
485.25,34.842768751026526
485.5,34.58585504248727
485.75,38.13625283191989
486.0,42.21870800046776
486.25,42.763831405471535
486.5,43.11625033740893
486.75,48.025369357219006
487.0,51.13108098767956
487.25,56.62672210907069
487.5,54.88421168576871
487.75,58.884356072105916
488.0,58.5938796146045
488.25,82.47064826220989
488.5,85.8019422573422
488.75,82.03018128437758
489.0,84.99167639655877
489.25,84.12859624617445
489.5,83.13722384229885
489.75,83.57923200244498
490.0,84.80099199739486
490.25,84.18540257313582
490.5,83.17168642027433
490.75,85.39522038395616
491.0,87.17212994884379
491.25,85.17084220619779
491.5,88.93042165522944
491.75,88.49499124739292
492.0,88.09656608790407
492.25,93.87515558876602
492.5,92.21009605657393
492.75,90.50634474914398
493.0,93.5392165671405
493.25,96.59146486384525
493.5,93.14443285634518
493.75,96.8273178725755
494.0,93.32847824923832
494.25,96.3389578816151
494.5,98.39704540457419
494.75,93.9112920249967
495.0,93.99653828600457
495.25,91.4315199875418
495.5,91.75122077544867
495.75,88.57210414637865
496.0,87.69294581336041
496.25,65.06018905839879
496.5,63.92441428137339
496.75,60.28528404710813
497.0,54.042959045351814
497.25,51.419284629490534
497.5,52.444624163718196
497.75,46.52579909299342
498.0,45.83240028606756
498.25,44.72659954184834
498.5,43.41954090199505
498.75,40.79179523588291
499.0,37.229608376028246
499.25,38.464615940309095
499.5,38.16597069435088
499.75,43.29799709931143
500.0,38.051534759745884
500.25,38.05490395757394
500.5,40.09760889844718
500.75,39.35517225652818
501.0,37.67750102335529
501.25,39.064457615019855
501.5,39.41658842539859
501.75,37.917085222584554
502.0,42.4718421202977
502.25,41.32277895967693
502.5,38.6284169924465
502.75,42.701927093142444
503.0,40.33794778257142
503.25,36.28078353616163
503.5,36.569639407908134
503.75,36.03161153713735
504.0,35.16758386046483
504.25,35.03541039049644
504.5,35.60973929550636
504.75,34.775871148895824
505.0,34.992073760283446
505.25,33.55913136303328
505.5,35.97519176508587
505.75,37.573356918628164
506.0,33.93417776861786
506.25,33.69824291901395
506.5,37.29159720532154
506.75,34.01031733425415
507.0,36.53902640051388
507.25,34.520415386384194
507.5,37.56019096716996
507.75,36.76901850369302
508.0,35.22373839439334
508.25,35.3818955732272
508.5,33.979221998504535
508.75,35.435140420883506
509.0,33.502777810956
509.25,35.74449677579455
509.5,34.82007271607262
509.75,40.611211883216455
510.0,43.52102419410378
510.25,45.226725093679754
510.5,45.78485608221186
510.75,48.1710329285117
511.0,50.62314780835679
511.25,53.63142389898542
511.5,55.48824268514758
511.75,59.13690799737996
512.0,60.472534570594206
512.25,82.00165434673968
512.5,86.35350692072974
512.75,81.83000541964005
513.0,85.2425631354177
513.25,88.18873125521534
513.5,83.79004112473558
513.75,84.74839177807829
514.0,84.14381156911739
514.25,83.01567932390442
514.5,82.83986068431504
514.75,84.53845523463539
515.0,86.45951312982008
515.25,86.40810827969632
515.5,88.96489579841779
515.75,88.96329277326008
516.0,88.21800205616977
516.25,92.90574047580259
516.5,93.41048098262745
516.75,90.78070491827471
517.0,93.96522047527709
517.25,94.69887388302938
517.5,94.14263617363433
517.75,94.6505468139183
518.0,93.24390034810929
518.25,95.86012282232008
518.5,96.8784592689587
518.75,92.1364934638206
519.0,93.79143834243013
519.25,92.04572201933537
519.5,89.56416556890073
519.75,87.90904230230251
520.0,88.88618631502725
520.25,65.73712340326941
520.5,62.57235820434719
520.75,61.210949166138505
521.0,55.87164809139697
521.25,53.55660102607361
521.5,51.958613350615366
521.75,45.51249951770206
522.0,44.97139535749654
522.25,44.22924883202933
522.5,43.52677723805721
522.75,41.02918830461935
523.0,37.05764476351184
523.25,39.374919910074745
523.5,38.79138505543823
523.75,41.86853319965121
524.0,39.37430850996603
524.25,37.916255038469565
524.5,37.85545502812633
524.75,40.64681069724772
525.0,39.33895130167788
525.25,36.22729346496
525.5,38.79696350353071
525.75,39.7998906101701
526.0,41.00338117481093
526.25,40.18504196876165
526.5,41.29384084470738
526.75,39.87745710650091
527.0,38.88099705645039
527.25,36.50236612683494
527.5,35.36987553434024
527.75,36.36865678764844
528.0,36.10690498013781
528.25,35.89428912719994
528.5,35.51727279513769
528.75,34.04005892225676
529.0,35.04009192363045
529.25,34.45665189695452
529.5,36.06036004673883
529.75,38.41569551197306
530.0,35.82279776929689
530.25,35.214272273238315
530.5,35.91731784157073
530.75,36.679876907368545
531.0,36.30559808865688
531.25,35.191680023951214
531.5,38.45846966743045
531.75,36.73871393430566
532.0,34.9865431992668
532.25,36.847271481709285
532.5,33.96347575911778
532.75,37.03614900913562
533.0,33.5872942355491
533.25,35.0720311136162
533.5,35.01496484828613
533.75,39.96509430551478
534.0,42.84731838171259
534.25,45.41299166419715
534.5,44.18750603950002
534.75,50.1935870951571
535.0,51.90733174911271
535.25,54.29359047764154
535.5,57.53178522587853
535.75,59.033222712552615
536.0,59.650796364968244
536.25,82.43034763359874
536.5,84.64395971286935
536.75,83.99127955314738
537.0,83.71923626014755
537.25,85.45865530773196
537.5,83.36008130372576
537.75,84.89677605036148
538.0,83.78992724512892
538.25,83.75032035884823
538.5,83.66687735452686
538.75,86.23230976043403
539.0,88.23905001933274
539.25,83.87629460860335
539.5,89.3695181224834
539.75,87.83974426555045
540.0,88.00548577657963
540.25,92.13465803352402
540.5,93.74708864904014
540.75,91.44646357799726
541.0,94.03951991293124
541.25,96.14208960201685
541.5,97.29743831260511
541.75,94.34823487561
542.0,94.48327282959931
542.25,95.50550963921195
542.5,95.97114295458277
542.75,92.34504025292568
543.0,93.5262601434094
543.25,90.77536574105547
543.5,92.05521594249753
543.75,88.87586528321063
544.0,88.95995108605543
544.25,65.85779312551192
544.5,64.32903997417363
544.75,60.679092178814884
545.0,56.970384268670166
545.25,53.01395918356481
545.5,50.19141438500451
545.75,44.97810008526014
546.0,43.860236852803226
546.25,43.77876367827098
546.5,43.20986804086099
546.75,39.9313586006177
547.0,38.9366970627912
547.25,39.10513883380422
547.5,39.42289088392686
547.75,40.15277099557742
548.0,37.50434084826838
548.25,38.757587167791336
548.5,39.8366062146493
548.75,37.24700627411871
549.0,38.90198554811609
549.25,37.95585144332962
549.5,39.29563383497829
549.75,38.214625905453595
550.0,40.74352282402269
550.25,40.52024419450798
550.5,39.98375900800447
550.75,41.52953583543529
551.0,40.760006619156094
551.25,35.996631928259426
551.5,34.523264406170995
551.75,36.30996942684202
552.0,35.80651185197972
552.25,35.26151007325954
552.5,35.818282333165456
552.75,35.27885352272782
553.0,36.269080086052405
553.25,36.127438623620705
553.5,34.97884577226036
553.75,37.65705391372281
554.0,35.278929783970725
554.25,35.071981701805626
554.5,36.07718090690163
554.75,35.12664364607476
555.0,36.42629531958163
555.25,34.2301427845901
555.5,36.33793784103767
555.75,36.46844317114804
556.0,33.4645958342971
556.25,36.013107774841885
556.5,34.01639537182489
556.75,35.277585861284386
557.0,36.1511972936982
557.25,35.025231422507
557.5,36.29885236024324
557.75,39.23905771179075
558.0,41.31147703077956
558.25,46.14951704866275
558.5,42.944931425543146
558.75,47.89052817435372
559.0,51.96319813848882
559.25,54.53556659410315
559.5,53.92529361215585
559.75,58.33401184439748
560.0,61.5996536285969
560.25,82.31861778701501
560.5,84.19296714303451
560.75,83.99730381819037
561.0,84.57591046497883
561.25,84.71077421142681
561.5,81.84142296203711
561.75,83.42066028598198
562.0,84.58196690116367
562.25,85.99156473487506
562.5,82.4059980724756
562.75,85.54683059422267
563.0,88.58166236612999
563.25,82.30448099757875
563.5,89.72581944833091
563.75,87.40115462043966
564.0,88.85901991482295
564.25,93.32529470785677
564.5,93.53051669185196
564.75,91.36396641786345
565.0,91.05723604552239
565.25,94.1100989337184
565.5,94.62299419371966
565.75,95.86248109340038
566.0,95.69926014023319
566.25,96.91105127905618
566.5,97.43041431339515
566.75,93.20834855797493
567.0,91.97957619634428
567.25,91.53648820749005
567.5,92.13654172309907
567.75,87.73371970923154
568.0,89.11019715141335
568.25,66.25845797114097
568.5,63.85290009704279
568.75,57.988721249326375
569.0,53.57115250332469
569.25,54.66571722563879
569.5,51.50736134460092
569.75,43.99633260789736
570.0,46.83598723014131
570.25,43.77478464066334
570.5,44.436613753872045
570.75,40.676742973736516
571.0,37.38433008660285
571.25,38.91916520744182
571.5,39.39428083440153
571.75,43.36127493207562
572.0,39.47449207555858
572.25,37.14044235084884
572.5,40.11026059027598
572.75,40.244798609336385
573.0,40.28499337750176
573.25,37.51517437739702
573.5,40.67572744593755
573.75,39.95575871735148
574.0,43.85557544291356
574.25,39.94710165183226
574.5,39.38555840799399
574.75,40.61862520442477
575.0,39.18892826416645
575.25,35.40095890202308
575.5,32.21674509661261
575.75,35.43761427958457
576.0,35.56502499526877
576.25,35.20248866101252
576.5,36.96327003972839
576.75,34.31264399428771
577.0,36.26842267557787
577.25,34.610538129630854
577.5,36.67166922081305
577.75,37.92239725832386
578.0,36.63643671925563
578.25,35.22599462047053
578.5,37.22256453460056
578.75,36.97853858295588
579.0,36.045330415425305
579.25,35.40348076306269
579.5,38.486330606487726
579.75,36.99208977075145
580.0,34.98371907299469
580.25,37.03658836533443
580.5,35.00572712596267
580.75,34.71002030768282
581.0,31.581944824323216
581.25,35.26464470994462
581.5,33.594296334556056
581.75,41.78655627159931
582.0,42.76785834250919
582.25,45.56636162176141
582.5,42.9663000672954
582.75,47.38196477252231
583.0,52.26305144384654
583.25,54.5921555675244
583.5,54.33625929244198
583.75,58.72364634384334
584.0,63.13771380297905
584.25,83.95913694321587
584.5,86.636138233264
584.75,83.89864708884394
585.0,85.56307569689298
585.25,85.14122115917473
585.5,81.36882867048874
585.75,83.97669750941454
586.0,85.44840704800944
586.25,83.85609224987617
586.5,83.26621409685593
586.75,84.93958073273183
587.0,89.40854695807822
587.25,85.43520535310724
587.5,89.34357390103597
587.75,89.20520650576707
588.0,88.48977516881389
588.25,93.27616784077352
588.5,91.26074571985579
588.75,88.62660005821935
589.0,93.5846076675974
589.25,95.21886843714654
589.5,95.69405363279176
589.75,97.62879679560253
590.0,96.79164789547536
590.25,95.1236611300926
590.5,96.4696975420157
590.75,93.90295779641077
591.0,96.35781788520694
591.25,93.4720686600588
591.5,92.83957073695849
591.75,88.43637900623273
592.0,87.59572279013665
592.25,66.1389725572569
592.5,62.62537185651259
592.75,60.81406476465847
593.0,54.73446291703457
593.25,54.37244015620551
593.5,51.69920183466962
593.75,43.541226192453735
594.0,46.10518448949351
594.25,43.06240719601574
594.5,43.37430428935207
594.75,40.31307959767503
595.0,36.652066954572916
595.25,39.34649654151201
595.5,37.163927644127824
595.75,40.56683025856516
596.0,39.18752365271677
596.25,38.10669689335001
596.5,38.0547923657271
596.75,39.771873184489905
597.0,40.20538720140716
597.25,37.89678415281311
597.5,37.54993740227989
597.75,39.73398606449909
598.0,39.623170124524144
598.25,41.00590266492894
598.5,39.005495159652256
598.75,39.76490496711776
599.0,39.23724039712553
599.25,36.107682095359415
599.5,34.335212351899905
599.75,36.46101703152286
600.0,34.74959755711003
600.25,36.67590137819025
600.5,35.30906202184276
600.75,33.60171097497554
601.0,34.11145373656145
601.25,32.701621417853445
601.5,36.135995088786615
601.75,37.28856815713895
602.0,32.89545655928855
602.25,34.634340397568735
602.5,35.82540979725682
602.75,38.1878832414765
603.0,34.630837261659316
603.25,33.55714764440396
603.5,37.361914003395746
603.75,38.61924987031086
604.0,33.8192712414158
604.25,35.14672359165608
604.5,34.48170924157171
604.75,32.37120409301814
605.0,32.10413984277502
605.25,34.46720849044544
605.5,37.363661159308236
605.75,39.88088895249133
606.0,42.69932126305108
606.25,45.70047687445343
606.5,45.97529593875459
606.75,48.35762377267405
607.0,51.98546033597195
607.25,56.44781422882338
607.5,53.30560084340772
607.75,59.6665661336644
608.0,59.35196237858553
608.25,83.22708376294997
608.5,85.34402058000042
608.75,82.09669859658936
609.0,83.10051162538252
609.25,85.60770719632923
609.5,84.41912930632671
609.75,84.03554743923205
610.0,84.70678449674617
610.25,85.39706671128229
610.5,82.4709612743323
610.75,86.37104298414707
611.0,88.72586080329484
611.25,87.28937463645109
611.5,88.31592908983242
611.75,88.12552339097796
612.0,89.29599029293976
612.25,93.89771572715816
612.5,91.9108431470114
612.75,90.40987936003987
613.0,93.9756573754704
613.25,94.06729394013973
613.5,94.07425507635136
613.75,96.14705374688859
614.0,96.21758809529868
614.25,95.51708610720694
614.5,94.9795781149348
614.75,91.50602603301118
615.0,92.56650014075863
615.25,90.67880173814494
615.5,91.5655628163402
615.75,87.6352868081844
616.0,87.77616746147056
616.25,64.5759787888916
616.5,63.285525259898954
616.75,62.37500544716189
617.0,55.511188455467014
617.25,52.79565748235871
617.5,51.59287285704846
617.75,45.547243174403334
618.0,45.92848631178299
618.25,44.34559812247196
618.5,42.42405575881372
618.75,40.43626505413138
619.0,34.89415138172766
619.25,38.767869743897904
619.5,39.45894176443922
619.75,40.803775856638644
620.0,40.320012735739496
620.25,37.83954322125833
620.5,39.88103949030033
620.75,39.06749309456722
621.0,38.981994903522214
621.25,37.82745719245137
621.5,39.61788803075889
621.75,39.87597506126397
622.0,42.66079424221857
622.25,40.69485314357662
622.5,40.70827505656605
622.75,40.22297730661794
623.0,40.445105866931456
623.25,35.528988127959686
623.5,36.070080538374484
623.75,38.08295463070095
624.0,35.073583047597474
624.25,33.503167015711014
624.5,34.47981592295446
624.75,35.53114331586115
625.0,35.53047040741898
625.25,34.598031315575916
625.5,36.853930266874634
625.75,38.12760914363872
626.0,36.4853772748032
626.25,36.08947894698512
626.5,38.24814427924873
626.75,36.97100173321209
627.0,37.23887527504658
627.25,34.69137137105223
627.5,35.65048354873104
627.75,38.96925435326587
628.0,34.78045885646413
628.25,36.583689980327364
628.5,33.98921385942978
628.75,34.11178823904349
629.0,33.97631641986298
629.25,36.18393590906386
629.5,36.36901066745853
629.75,38.605145880927616
630.0,42.38314001473978
630.25,46.348981394594134
630.5,43.65461434362649
630.75,47.133993554088185
631.0,53.89534594512792
631.25,55.30815151729333
631.5,54.75778725978634
631.75,58.267567327028516
632.0,61.452629840738524
632.25,82.58262799562063
632.5,86.73489605191668
632.75,83.59690548301485
633.0,84.32829547852815
633.25,85.47680763741107
633.5,83.24862194144985
633.75,85.21092376262982
634.0,83.77132850591111
634.25,83.20396751816104
634.5,84.05702017023773
634.75,86.26258880380128
635.0,88.38675885874686
635.25,85.09347670731871
635.5,88.37149290205446
635.75,89.37108789703161
636.0,88.48146629461148
636.25,92.59149799743085
636.5,92.13403898813272
636.75,92.83368173574576
637.0,91.69955045520693
637.25,95.3946662851702
637.5,92.80567863674267
637.75,95.94922764119718
638.0,94.78802192532223
638.25,94.0366564267066
638.5,97.21100016739922
638.75,93.0425854383372
639.0,91.72670686490352
639.25,92.83153754711913
639.5,93.15517975294905
639.75,90.31429130407858
640.0,88.83787886194324
640.25,65.39612281245077
640.5,65.05418974164274
640.75,62.73488470097887
641.0,55.982809568912124
641.25,51.83799046485291
641.5,52.25524399084422
641.75,46.419991975317785
642.0,43.79112287291382
642.25,44.230789708740446
642.5,45.60466509089371
642.75,41.039720464317945
643.0,38.39918403183244
643.25,38.739070689856014
643.5,38.623574198496705
643.75,41.465115873600496
644.0,37.68765909161496
644.25,37.75700648145999
644.5,40.929903632166436
644.75,40.47566018409969
645.0,38.09118625537827
645.25,38.90977816500998
645.5,39.4238230251434
645.75,39.367824892290706
646.0,41.74327664537889
646.25,41.691453856205094
646.5,39.975677186257606
646.75,42.334906248186655
647.0,39.98856325396515
647.25,36.91516392425621
647.5,34.146158010749105
647.75,38.03097276401254
648.0,35.665491858773834
648.25,36.408707931863525
648.5,33.41970304498774
648.75,33.476566158492744
649.0,36.215277308312466
649.25,34.636008835193486
649.5,33.93148217609087
649.75,38.681445633374125
650.0,34.72386928299934
650.25,36.58137225621484
650.5,36.638608147908066
650.75,36.816912335326364
651.0,37.512570452144274
651.25,34.10100547328335
651.5,35.259097552456105
651.75,37.065988292448786
652.0,35.39142697976266
652.25,34.4479321618515
652.5,32.197439245129296
652.75,35.52202481700725
653.0,33.362355214713574
653.25,34.35571587837587
653.5,33.95696019123894
653.75,39.63763972630609
654.0,42.59081717468478
654.25,45.497065459512314
654.5,43.09718103924181
654.75,50.59184836605486
655.0,51.31774103552558
655.25,53.94266720589536
655.5,56.36515767049694
655.75,58.8504452154745
656.0,59.81825318193521
656.25,82.96947826466622
656.5,86.93971320494275
656.75,84.52091301691627
657.0,83.26682037377054
657.25,85.28885902199637
657.5,83.5137468058316
657.75,83.17904353190394
658.0,84.58098628536295
658.25,84.83121550544294
658.5,84.582789526282
658.75,86.83877550404534
659.0,87.57730830787608
659.25,84.47179519383987
659.5,89.35632558244765
659.75,87.99841674371908
660.0,89.11566457310343
660.25,92.99070507087681
660.5,91.4765317226495
660.75,89.85620532409027
661.0,94.88158523328347
661.25,94.7384567017311
661.5,96.12514315826469
661.75,95.54382471880525
662.0,95.5128546116079
662.25,98.51436144640472
662.5,95.76457583230219
662.75,91.52480900062962
663.0,95.11250333875199
663.25,91.16516035095181
663.5,91.69946721085388
663.75,88.23824875133043
664.0,88.74708520224709
664.25,64.39952846668791
664.5,63.546093032863645
664.75,61.5023164421953
665.0,53.84093197976223
665.25,52.07944403743682
665.5,51.70651630403077
665.75,44.551660396800074
666.0,45.17817885903229
666.25,43.88022558902257
666.5,42.932124323325894
666.75,40.12840780558543
667.0,36.9058692794841
667.25,37.900412497294994
667.5,39.38785508834741
667.75,42.5198226083213
668.0,38.03910534740394
668.25,39.20597990017209
668.5,39.42398191956243
668.75,39.46880518627167
669.0,40.648072102168875
669.25,38.450438903474215
669.5,37.73736846193974
669.75,39.48201194924723
670.0,42.51592174925284
670.25,40.475507218082676
670.5,40.88859379051225
670.75,40.234628711732775
671.0,38.19361125468295
671.25,36.43214867061932
671.5,33.22294388154004
671.75,35.63254274041412
672.0,36.482509198214366
672.25,33.78594760077214
672.5,33.74839206028538
672.75,33.267235936410266
673.0,34.914073760682776
673.25,33.98340093125468
673.5,37.244398292615884
673.75,38.597504033482
674.0,35.76292503342066
674.25,35.315685584682015
674.5,37.119673603496594
674.75,35.75022329399246
675.0,37.190826227109234
675.25,33.88645418977882
675.5,37.08732135419228
675.75,38.44862921496573
676.0,34.77511878222953
676.25,35.60259635550301
676.5,34.265783753328066
676.75,31.836785519862783
677.0,34.26759174576604
677.25,34.63458789345634
677.5,35.76314248012211
677.75,41.023151553555905
678.0,42.523615549751206
678.25,43.426480745238266
678.5,43.72700853465107
678.75,49.00202772990319
679.0,52.11723097128639
679.25,54.787678374765605
679.5,55.867169163517694
679.75,57.552950510076435
680.0,60.54597836711164
680.25,84.41454109446505
680.5,83.8520281304635
680.75,83.23435687807064
681.0,83.49823505106775
681.25,84.96058244760238
681.5,82.5187824749496
681.75,83.99573292672011
682.0,86.47792695243984
682.25,83.56146228381402
682.5,82.27297004486643
682.75,84.32941590557063
683.0,89.6339359928632
683.25,84.22340863217939
683.5,88.66639422004434
683.75,88.18082225153985
684.0,87.58260154296293
684.25,92.8434609116316
684.5,94.90417390612467
684.75,92.20511295794417
685.0,92.5815887194601
685.25,95.54245228393609
685.5,93.6532662917
685.75,94.28109334067393
686.0,96.24116032814105
686.25,97.28177757003003
686.5,97.86801482801336
686.75,92.95275825130983
687.0,93.65913747346278
687.25,92.741735010003
687.5,92.11166961230822
687.75,88.43052949048497
688.0,86.8598506011736
688.25,65.46393986801567
688.5,64.80504275998307
688.75,59.85491282660461
689.0,55.48800024771247
689.25,53.1110697622164
689.5,52.804047400861634
689.75,46.85245133074536
690.0,44.90627459990569
690.25,42.144469648954725
690.5,42.798153739231445
690.75,41.28891161604416
691.0,36.38376704686471
691.25,37.862112635869664
691.5,36.87544218055589
691.75,42.83649203807046
692.0,39.3291993810247
692.25,39.49067764996914
692.5,40.63132446177654
692.75,39.680026202776574
693.0,38.83796371578609
693.25,37.778015256333916
693.5,39.0832186361573
693.75,41.66275707221527
694.0,41.83897003724327
694.25,40.23330294672934
694.5,40.3584557585607
694.75,39.91387533502841
695.0,41.18365713279445
695.25,35.629910555979535
695.5,35.48050603490882
695.75,36.938291383050846
696.0,35.58043547977386
696.25,35.79018049833806
696.5,35.0386909410553
696.75,34.24282708468474
697.0,34.40069513146623
697.25,33.89963428713118
697.5,37.32485228457073
697.75,37.534619071705144
698.0,34.48185581796929
698.25,34.653757673476626
698.5,37.826814507208994
698.75,37.28781228247031
699.0,36.89394505178488
699.25,34.74097724522822
699.5,36.82530683046299
699.75,36.61892558789624
700.0,34.30464014879566
700.25,36.748613901856736
700.5,34.73975152393746
700.75,33.71639404401265
701.0,33.109807074372
701.25,34.85664404410956
701.5,37.53990296784862
701.75,38.40105387618908
702.0,42.876717410886435
702.25,43.19064427031627
702.5,43.234080211950904
702.75,48.57004382775812
703.0,51.581788716268484
703.25,54.09196306782133
703.5,54.835007178975516
703.75,58.10372949648
704.0,58.907820526092635
704.25,83.90448100836959
704.5,86.33951179454957
704.75,83.89788450731326
705.0,82.54287905677671
705.25,85.63021098465963
705.5,84.09956883397095
705.75,83.13408157398096
706.0,84.64584458619507
706.25,84.70962599968088
706.5,85.28473070591352
706.75,87.55584651274671
707.0,86.2421613129049
707.25,87.17967534342866
707.5,87.77680755923869
707.75,89.56427848697352
708.0,89.49752240222975
708.25,92.08292133140422
708.5,92.93919809422721
708.75,90.70550829270385
709.0,93.98885654188476
709.25,95.12555048325503
709.5,95.68112854973663
709.75,96.13286052266622
710.0,95.05377534105011
710.25,97.21774895644366
710.5,97.40235854182407
710.75,94.15443689485029
711.0,93.16132653520617
711.25,90.9467066749464
711.5,91.15245143170742
711.75,88.20334557610143
712.0,89.26512168994468
712.25,66.3260487241677
712.5,63.570902831214546
712.75,62.483420134463124
713.0,56.21771025980163
713.25,53.022926983483245
713.5,51.232007366086265
713.75,47.555852480461894
714.0,45.53972249080263
714.25,43.887594245550645
714.5,42.992068239307756
714.75,39.50999397221996
715.0,35.45713152007539
715.25,39.189024283284596
715.5,37.91339146858391
715.75,44.143375712516345
716.0,37.41741215698691
716.25,37.46339919371301
716.5,40.17373779061052
716.75,40.63263132020047
717.0,39.14688222790884
717.25,38.51402178064339
717.5,37.66723558329071
717.75,38.35050477210851
718.0,40.209442276806264
718.25,38.80205753813289
718.5,40.0099392184183
718.75,38.68191663127429
719.0,38.356954448117776
719.25,35.75378585777326
719.5,34.148134766335275
719.75,36.268722255514774
