time_h,PV_kw
0.0,2.556070667173803
0.25,1.7817100429331463
0.5,0.7504511958064572
0.75,0.9405647163912139
1.0,-1.5675139791519803
1.25,-1.302179506862318
1.5,0.12784040316728537
1.75,-0.3162425923435822
2.0,2.6213927670841968
2.25,1.4803318787132649
2.5,1.0774900675464767
2.75,4.159515556333047
3.0,1.468558724317353
3.25,1.1272412069680329
3.5,1.5737616944995418
3.75,-0.8592924628832382
4.0,3.0041016880043165
4.25,-0.9588826008289989
4.5,0.8784503013072725
4.75,1.7191772382255157
5.0,14.429558086670884
5.25,16.90228536195037
5.5,25.02677583940494
5.75,30.839659886135944
6.0,40.07507154482691
6.25,46.375339637684206
6.5,53.96782219936791
6.75,60.23380874898558
7.0,71.57351802841774
7.25,69.8557060998963
7.5,76.87099433730206
7.75,78.71817573346
8.0,87.84348260453064
8.25,93.63036187348848
8.5,95.45703823035409
8.75,97.46739116087197
9.0,99.4795079577137
9.25,105.91019276568339
9.5,108.46263553576136
9.75,111.13980735822295
10.0,108.98234231628896
10.25,112.46693797797744
10.5,111.57207937433947
10.75,113.16433707265628
11.0,115.18655523334077
11.25,113.3757877059524
11.5,115.32956552130149
11.75,112.72833411659929
12.0,113.69991239020047
12.25,113.94527381772954
12.5,107.69906911133015
12.75,111.18993386920103
13.0,108.28064864034853
13.25,108.38437040971715
13.5,108.57650909401836
13.75,112.68818322846798
14.0,104.60010580403863
14.25,110.11385941819324
14.5,97.61311826335628
14.75,100.85093794608217
15.0,96.58630066873452
15.25,95.63254953467465
15.5,92.4791570423975
15.75,88.69028147642477
16.0,80.52602093578884
16.25,75.03296268433036
16.5,72.28207089480829
16.75,63.15194244707981
17.0,55.087811948098285
17.25,48.106630786559556
17.5,41.109876545950435
17.75,38.78441271830159
18.0,31.08145471869059
18.25,27.181888248710315
18.5,16.431372371841036
18.75,11.636334652880397
19.0,4.784682281636943
19.25,0.15853969107671423
19.5,1.9959161066395872
19.75,-0.3093465397202384
20.0,0.45677523755741145
20.25,-0.6619259410666513
20.5,-0.3630538465650718
20.75,1.0791795483584325
21.0,-1.1958396455890397
21.25,0.5244548369686602
21.5,0.9728376365150193
21.75,1.3520876468175358
22.0,2.476901985824284
22.25,0.4465311760299441
22.5,0.6653851089727862
22.75,-0.09848548450942361
23.0,-0.42329831204415375
23.25,-0.07971821090639905
23.5,-1.6873344339580298
23.75,-1.4471124724230873
24.0,0.9286539750649694
24.25,1.8244473215721602
24.5,0.3997742267234366
24.75,-0.9054790553600608
25.0,0.0053586554624663885
25.25,1.2992282977860654
25.5,-0.35626397106142593
25.75,0.7375155684670865
26.0,1.7045762445786086
26.25,2.127938248419215
26.5,-0.7519299622269331
26.75,3.0426905450035364
27.0,2.242836164213532
27.25,-1.7273204231923487
27.5,1.5406759957933536
27.75,0.2377356023322779
28.0,2.0412009482250233
28.25,-1.4460578543884546
28.5,0.07212950771386951
28.75,1.2396104401479662
29.0,14.847096661570848
29.25,17.605067051877754
29.5,25.406013392051825
29.75,30.754833740731723
30.0,39.47990187436815
30.25,46.90674882312876
30.5,53.65550969778632
30.75,61.22755225986194
31.0,71.99589666273633
31.25,69.78175615603793
31.5,76.19264962765116
31.75,77.93582769552177
32.0,87.71597380085242
32.25,93.51755866033083
32.5,94.45124900462282
32.75,94.96173272059477
33.0,100.22860636218297
33.25,106.52812654554715
33.5,107.81631045694995
33.75,109.4736354891907
34.0,108.55260199253571
34.25,112.76191027756661
34.5,114.23431997331994
34.75,115.84603821559689
35.0,115.48427885747603
35.25,112.16756098919153
35.5,112.32609046262198
35.75,112.77245003016844
36.0,112.20805773181824
36.25,113.46233748806097
36.5,106.79785291358034
36.75,110.4178547569461
37.0,110.80378469099185
37.25,108.8610901935198
37.5,108.88824691127247
37.75,112.29140732388551
38.0,103.20056511056096
38.25,108.13261019788551
38.5,98.4251668282312
38.75,101.65058950507057
39.0,98.3994449618232
39.25,96.95017407568348
39.5,91.81710837875335
39.75,86.91911537864847
40.0,78.84967759376362
40.25,73.51438938459468
40.5,74.75926569949189
40.75,62.79290756051999
41.0,55.068325270577475
41.25,47.395007933354144
41.5,43.3171358821626
41.75,40.30265089841093
42.0,31.844269107034112
42.25,26.643964978521115
42.5,15.63415894034108
42.75,11.391921500294709
43.0,4.756951447632697
43.25,-1.2256057637672482
43.5,0.09238813835263127
43.75,0.17258791772211948
44.0,1.579091256410435
44.25,0.15999161357343825
44.5,-0.11863832610988256
44.75,1.7467435819593047
45.0,1.3060017417068248
45.25,0.2568648575469347
45.5,1.031312745884006
45.75,2.4458822381497374
46.0,2.4249117653799885
46.25,1.535755991995992
46.5,0.18323443722190613
46.75,-1.2244690317205003
47.0,-1.368159199245665
47.25,1.6509279322312496
47.5,1.723665720783297
47.75,-0.17951921328260065
48.0,1.868166266283384
48.25,4.2831384414158435
48.5,-1.107045682043488
48.75,-0.8947270189558264
49.0,1.0268480041909005
49.25,-0.3946051228595896
49.5,-0.005121866720071296
49.75,-0.16344289852451258
50.0,2.975768473387419
50.25,3.7408576676005616
50.5,0.28867699958539367
50.75,4.025662414180957
51.0,-0.6476440742748857
51.25,-0.04871840193011795
51.5,0.2630220819546252
51.75,-1.218813060423628
52.0,1.757198536993067
52.25,-0.33412344070081207
52.5,0.9159025423560131
52.75,0.44271043147220457
53.0,14.645051942810563
53.25,17.09904547302073
53.5,23.476561406368948
53.75,31.99694719350935
54.0,41.04151480399394
54.25,48.064871295615184
54.5,53.281007334564656
54.75,59.1724220729508
55.0,70.93692659994126
55.25,69.66738188815964
55.5,74.90592009488532
55.75,78.04020267761125
56.0,88.44621511523005
56.25,94.67236293187527
56.5,97.35853284531251
56.75,98.21526347943275
57.0,98.74021206480975
57.25,106.46296588109675
57.5,107.82367474961559
57.75,109.89850755643477
58.0,108.55469314867585
58.25,113.12963733056047
58.5,111.50850524388456
58.75,112.27802930952177
59.0,112.92258039446138
59.25,112.99443318867849
59.5,113.39572233149373
59.75,111.97529914045853
60.0,112.14413804896098
60.25,113.7834321939881
60.5,105.65222132128352
60.75,109.09160039797149
61.0,111.8670515722325
61.25,107.41661904480043
61.5,107.95009616985652
61.75,115.16397460503264
62.0,107.78031522450573
62.25,107.4473514781335
62.5,98.11070042226149
62.75,100.2242151424312
63.0,99.99786808475591
63.25,94.98057748623218
63.5,92.07112613135038
63.75,88.88139672112723
64.0,80.24956043046261
64.25,73.86345937790033
64.5,72.49697300254068
64.75,62.2393984313744
65.0,53.99166232286647
65.25,48.03154762143222
65.5,42.61773275891461
65.75,39.36237271348605
66.0,32.47244552723734
66.25,27.697443322476378
66.5,16.444375963438937
66.75,11.297605707211833
67.0,5.265090275551344
67.25,8.439309141418043e-05
67.5,0.6487676791294031
67.75,0.316494261673308
68.0,-0.09728659841348947
68.25,2.093168308930595
68.5,1.5733549024752425
68.75,1.8467639949132626
69.0,-0.7630572096947675
69.25,-1.0749291158003396
69.5,2.6333829298066083
69.75,1.6023427532369867
70.0,2.4762987303099857
70.25,-1.7445859869741926
70.5,0.9274384815581808
70.75,0.45442033821436295
71.0,-1.110430684414478
71.25,-0.47152480744994896
71.5,0.2637172043565196
71.75,0.05246679835624363
72.0,1.9591824016158168
72.25,2.718205881107681
72.5,-0.25197737820688537
72.75,0.15256251210246857
73.0,1.8550131824950131
73.25,-2.5666584409312976
73.5,-0.23685026450968424
73.75,0.17651242137244696
74.0,2.934187914275585
74.25,1.9614612249655552
74.5,-1.5586296897949345
74.75,3.7097191046182085
75.0,3.1298782409203216
75.25,-1.5338614049161376
75.5,1.9700803659456847
75.75,-0.3285252231228939
76.0,2.5740265580929704
76.25,-1.052898510703949
76.5,-0.33445617235587666
76.75,3.069147743910727
77.0,15.197075692203851
77.25,19.315526511764254
77.5,24.981646389708605
77.75,31.433276047134324
78.0,42.24733389315781
78.25,47.16646634691074
78.5,54.26350119061161
78.75,59.57179373108679
79.0,71.22733123268095
79.25,68.72746127358813
79.5,75.71893067102646
79.75,77.94628712672974
80.0,89.13807567601982
80.25,94.2534835442312
80.5,96.01230590124591
80.75,97.08928785688234
81.0,101.41410157301537
81.25,107.48112393378457
81.5,107.71507649579937
81.75,110.42226139750005
82.0,107.0670809524907
82.25,111.40550386730597
82.5,113.74881751490489
82.75,113.56970956048725
83.0,114.37093899562129
83.25,112.14338174278299
83.5,114.49091883622955
83.75,111.28817841844348
84.0,112.34985854973199
84.25,114.1897042197919
84.5,108.56526174874685
84.75,111.16740711558693
85.0,107.4465149516061
85.25,109.00840835510472
85.5,109.11891532154374
85.75,113.740951362084
86.0,106.49145773691653
86.25,106.5556798301541
86.5,97.88784595385842
86.75,100.47356591428405
87.0,96.68757604089637
87.25,97.44338361271393
87.5,92.68476058999315
87.75,88.9506431309089
88.0,79.24385069447419
88.25,75.05337913909663
88.5,73.69926752304576
88.75,63.84717225988155
89.0,54.464236959539825
89.25,48.5682783507229
89.5,41.52221760454898
89.75,39.77017125206471
90.0,31.848384472239843
90.25,27.068121369010044
90.5,17.288770882680765
90.75,9.887313216834219
91.0,5.0869258976539
91.25,1.4814555476589732
91.5,0.6267374838596864
91.75,-0.8222500172903203
92.0,0.20230619183119358
92.25,0.8443851904853201
92.5,0.01142605556065933
92.75,2.7898780327937507
93.0,0.8567939825665268
93.25,0.8793024230731402
93.5,1.9963564780418364
93.75,3.667246628435933
94.0,1.7909936380523308
94.25,-2.003522292066514
94.5,1.604254361517141
94.75,-0.45769943095682564
95.0,0.10788044434303304
95.25,1.309550684860527
95.5,-1.6022595410589253
95.75,-1.2516472141061394
96.0,0.6500756503005181
96.25,2.027557859148218
96.5,0.43963660601699356
96.75,0.524187842812771
97.0,0.6597953888304098
97.25,-1.4127658838923665
97.5,-2.310103436632644
97.75,0.054353585390382264
98.0,2.1664178909501497
98.25,2.7927615780034567
98.5,0.9000457189049182
98.75,3.519965052962781
99.0,2.1626611121319907
99.25,0.22921137411506842
99.5,1.636317057848963
99.75,-0.7046732628698824
100.0,2.4557394900903593
100.25,0.19677609665695725
100.5,0.8205284754174188
100.75,1.3753619769871965
101.0,15.135587705948257
101.25,17.317376114438932
101.5,23.686692333402778
101.75,31.82370841022882
102.0,38.51033899593586
102.25,45.431000860097676
102.5,51.95332761637174
102.75,57.534748564773196
103.0,70.48252097666658
103.25,70.17431899661615
103.5,74.44446267004903
103.75,79.32238083178646
104.0,89.44494283031295
104.25,95.77182073400405
104.5,94.77192087305245
104.75,97.69200475772048
105.0,99.68558207380268
105.25,105.91295101881846
105.5,108.69271639925387
105.75,109.00867805783324
106.0,107.35095429135187
106.25,111.56576702159781
106.5,113.04117410100676
106.75,114.65294558075554
107.0,113.687687908823
107.25,113.54992657748332
107.5,113.41759280419576
107.75,112.9794356562878
108.0,112.88991217644084
108.25,112.04678892239312
108.5,108.33824670420864
108.75,109.95364493055375
109.0,109.20390422183065
109.25,107.63428921478477
109.5,108.39259847162361
109.75,113.75495151740624
110.0,104.6860037143289
110.25,108.94758010924133
110.5,98.84087123297837
110.75,101.20332124701886
111.0,97.92638428948594
111.25,94.49057674781469
111.5,93.38362639386447
111.75,87.77257097296824
112.0,80.92938680057337
112.25,74.6229925623129
112.5,72.49965843685338
112.75,63.96307013379068
113.0,56.18084862696743
113.25,50.374915640494926
113.5,42.45494400442114
113.75,40.077890525622145
114.0,33.07714716215859
114.25,25.839066471889204
114.5,16.622017008388728
114.75,10.919986450858772
115.0,5.52584313943103
115.25,-0.8333688059494058
115.5,-0.2192417806367184
115.75,-2.0729834359912918
116.0,-1.1173841129896078
116.25,-0.458675284939333
116.5,-0.2931915866487618
116.75,3.398148604786279
117.0,1.1059933699072981
117.25,-0.9246087601585489
117.5,1.7899484291687
117.75,0.9325152917395232
118.0,1.71179148887828
118.25,0.18532564941538202
118.5,0.6191711169753933
118.75,-0.33925848388401536
119.0,1.0638515327343585
119.25,-1.141938226142404
119.5,0.006339062362268442
119.75,2.5976737265958323
120.0,2.474433330044647
120.25,4.254908655779815
120.5,0.09152017817320818
120.75,0.5807770953297967
121.0,0.32673801510916456
121.25,-0.17040758116420443
121.5,-0.7794823967254196
121.75,0.4303013589575532
122.0,1.7866567354027176
122.25,2.998961042600274
122.5,1.283379097129558
122.75,3.7482550281413287
123.0,1.116279293200445
123.25,0.4539655793086961
123.5,0.7975792967010837
123.75,0.9355471254651493
124.0,0.8039448197066941
124.25,-0.3356073681186462
124.5,-1.9908119951239978
124.75,0.27404231898456355
125.0,15.978282680030054
125.25,18.478399888325995
125.5,23.08475426744612
125.75,29.49168591216385
126.0,37.53887052914837
126.25,46.183977680239806
126.5,55.85592802606196
126.75,60.30324895608515
127.0,70.60121313077227
127.25,69.88996530638872
127.5,73.16838838343716
127.75,78.82726738714697
128.0,88.4552028066179
128.25,94.35803394991532
128.5,95.63186492946868
128.75,96.68306409438713
129.0,100.26178143347656
129.25,106.06197696041517
129.5,110.18493215986315
129.75,112.11815151802224
130.0,107.2689386254341
130.25,111.03608805395767
130.5,113.57337341794839
130.75,112.7408317628945
131.0,116.4736908162666
131.25,112.7145633973312
131.5,115.913182319624
131.75,112.63622438463005
132.0,113.27922765045126
132.25,115.44241276991056
132.5,107.04817923519599
132.75,109.61752354743753
133.0,109.28924025217584
133.25,109.1563755767176
133.5,107.48112267613065
133.75,113.96453197936243
134.0,104.33647673764757
134.25,109.76673076769241
134.5,96.08468907414905
134.75,99.09609381638653
135.0,96.58270228911623
135.25,95.14120509829647
135.5,92.56406987840144
135.75,87.92483251961573
136.0,79.56141678704797
136.25,74.08043057775036
136.5,72.83418420767667
136.75,62.60575819780127
137.0,54.93668570774018
137.25,48.96060108182665
137.5,42.77060080694446
137.75,40.47423337505633
138.0,32.29732500550086
138.25,28.719800807387617
138.5,16.201852464717962
138.75,10.638766080478051
139.0,4.458407347616099
139.25,-1.0322626705778368
139.5,0.1258539250711752
139.75,-0.8887973132309185
140.0,-0.07068038165207131
140.25,0.3342951284977145
140.5,0.051142058552161786
140.75,0.6953821649270487
141.0,0.9001845640199633
141.25,0.7768950284840259
141.5,1.2825916692957262
141.75,0.6866773834251363
142.0,2.5445832477481742
142.25,0.18797358748610446
142.5,-1.4481272594150476
142.75,-0.0679802559844049
143.0,0.26203581207438104
143.25,-0.8996947864877538
143.5,0.189843392837443
143.75,-1.4548224852577891
144.0,3.5875396874315424
144.25,4.069644134233074
144.5,-0.25251733430296475
144.75,0.36345433783907316
145.0,-2.0264007562980186
145.25,-1.1563476602653329
145.5,-0.2937789201521298
145.75,-1.0721330214268592
146.0,3.3525904072191444
146.25,4.330672337034839
146.5,-0.9785226267456538
146.75,2.5442602168189064
147.0,1.637976395066067
147.25,1.6111161484996208
147.5,-0.11612196029240685
147.75,0.24903612230694197
148.0,4.456649754734927
148.25,-1.6517591481792673
148.5,-1.281069206845832
148.75,1.3454965427509302
149.0,14.093832037360734
149.25,18.395816194107955
149.5,24.045894220551748
149.75,29.21922730856262
150.0,41.01880976989083
150.25,46.14993430081679
150.5,54.7099602307558
150.75,59.240777148184584
151.0,70.52417013371952
151.25,69.96601670769294
151.5,75.49227321876855
151.75,79.57269011378082
152.0,86.67012801621736
152.25,94.98216904166462
152.5,93.8067507561042
152.75,96.57369497973934
153.0,98.16972097996951
153.25,107.19667139018898
153.5,108.48051784714522
153.75,109.20657992013773
154.0,108.95290828156791
154.25,112.16542823134898
154.5,111.62361228023526
154.75,114.38335459861062
155.0,114.6292170026303
155.25,113.18920678319434
155.5,114.72705019103189
155.75,111.88507263369598
156.0,113.49213512052849
156.25,113.34424240107593
156.5,106.99831139042395
156.75,111.92128828316582
157.0,108.69721840769176
157.25,106.29126129514496
157.5,110.65781874332306
157.75,115.87638902931832
158.0,104.46997878981598
158.25,106.68208006633866
158.5,98.16846540285358
158.75,99.59643664165003
159.0,98.07924659932806
159.25,94.85404652273857
159.5,92.89596511976897
159.75,88.62856652035158
160.0,78.32038873617668
160.25,74.93881218082531
160.5,74.68348094900261
160.75,63.78625457218144
161.0,53.89251090477262
161.25,48.155931897033646
161.5,43.00081963625692
161.75,38.18702832679785
162.0,32.1652977076695
162.25,26.29426355519374
162.5,18.136771648726516
162.75,10.77167656500767
163.0,6.879822539092997
163.25,-1.1037406977820072
163.5,1.9575848794750428
163.75,0.3194002637912288
164.0,-0.8690472478647824
164.25,0.17739611463694044
164.5,1.2125188368316004
164.75,1.137125738070161
165.0,-1.6919626491697632
165.25,0.01991952970563249
165.5,0.5398168819252306
165.75,0.997252589425966
166.0,1.914567557233254
166.25,-1.7056522160155172
166.5,-1.615658339320678
166.75,0.48206683552552526
167.0,-0.5227186961696804
167.25,-2.564744341820567
167.5,0.7848440366081351
167.75,0.27236975527423984
168.0,1.5374787633828877
168.25,1.5048639381154003
168.5,0.8358078963143372
168.75,0.3493506225604296
169.0,2.7661234921859297
169.25,0.42018859872493736
169.5,0.3877031412620148
169.75,-0.16692793010856513
170.0,3.4549697917892765
170.25,2.9584610075349986
170.5,1.449817101248843
170.75,2.860400702266814
171.0,0.9671205538121745
171.25,-0.4791031709119801
171.5,1.8970540734264856
171.75,1.498374440296732
172.0,2.176510410772517
172.25,-0.42477372779309125
172.5,0.3140772238697992
172.75,1.5233416491988672
173.0,15.566474103356034
173.25,15.331437615735265
173.5,22.977529453814014
173.75,30.2117730342433
174.0,38.183043354603875
174.25,45.763834743803635
174.5,52.52035689796863
174.75,59.667260030102675
175.0,72.27375130848202
175.25,69.17982444569772
175.5,73.69853301616045
175.75,79.06763620863109
176.0,89.40489895504352
176.25,93.46817578562145
176.5,93.93048392385714
176.75,96.8969678274253
177.0,99.37191929963777
177.25,107.3978339333554
177.5,109.2734699596573
177.75,111.19087821848781
178.0,107.20401003104487
178.25,111.91169905888397
178.5,112.026899067265
178.75,111.71628482548543
179.0,113.50639147633134
179.25,113.84284814449806
179.5,114.10718436113531
179.75,111.48245828617728
180.0,112.92481989020523
180.25,115.00571360558996
180.5,105.12921186726824
180.75,109.06200695345916
181.0,108.81491801830893
181.25,110.16522049279479
181.5,109.32946873123046
181.75,114.09437831717254
182.0,103.73508713613909
182.25,107.49938223168832
182.5,98.92676309577223
182.75,99.94093392242614
183.0,98.81790925921445
183.25,95.77976357373197
183.5,92.59454770374712
183.75,88.2621782299706
184.0,80.59256174508091
184.25,75.0466237310749
184.5,71.01092397266495
184.75,61.36702568440353
185.0,55.231581464492635
185.25,49.48566020470311
185.5,41.36493984977502
185.75,38.05786452575944
186.0,32.0999418256994
186.25,27.61556573100708
186.5,18.08654115820479
186.75,11.46214687091408
187.0,4.840218231387782
187.25,-0.8931306215848627
187.5,1.381777004342905
187.75,-0.2992647038852564
188.0,-1.0150679057288161
188.25,2.0487556508632867
188.5,1.785168402072131
188.75,2.59696612591219
189.0,-0.9208503978091276
189.25,0.8925016804803572
189.5,2.081866386215645
189.75,1.7821391522939014
190.0,3.245820593962152
190.25,0.6353711428612774
190.5,0.7400142363043355
190.75,0.6369062833722101
191.0,0.3407914080021059
191.25,-1.7836111297141835
191.5,0.08362107741055723
191.75,-0.5561919588491252
192.0,0.9715126297793513
192.25,4.503510768474466
192.5,1.7289953408857035
192.75,1.359220600295612
193.0,0.6387346263577307
193.25,1.3506251209526567
193.5,0.012053180601825543
193.75,0.20279727689777938
194.0,1.5447225541265026
194.25,2.730367110785685
194.5,0.2584780211080652
194.75,2.0790715040696344
195.0,1.35133091493954
195.25,-0.07972956385680847
195.5,2.9038135188921363
195.75,0.8942133285134095
196.0,2.6467963430132837
196.25,0.248787309801083
196.5,0.044212378104198057
196.75,1.566189164416221
197.0,13.531993252827858
197.25,17.432163028747382
197.5,23.058136244078398
197.75,29.7438738292816
198.0,41.01462118153755
198.25,47.118737848105674
198.5,51.64880550244648
198.75,59.74568004712638
199.0,72.15648680272167
199.25,70.48410883578474
199.5,75.75518357931685
199.75,79.16350395674607
200.0,87.51068000563302
200.25,93.3604357743783
200.5,95.18566371252895
200.75,96.71769890251625
201.0,100.88078652697364
201.25,107.850328892988
201.5,109.15488809492143
201.75,109.24500869153738
202.0,107.91998154807462
202.25,112.14101490448276
202.5,112.03550583623876
202.75,112.3542816415119
203.0,115.32275423916994
203.25,112.65314136781278
203.5,113.83007065962792
203.75,112.81619140212804
204.0,112.61900624699936
204.25,114.12179913721901
204.5,107.68315373549228
204.75,109.41921664227091
205.0,109.25656333633879
205.25,110.14181856599092
205.5,107.88480223557688
205.75,111.21040662774078
206.0,103.0134029020228
206.25,108.64802805353551
206.5,98.50986665708223
206.75,99.76504873606557
207.0,99.48336026927882
207.25,93.29460013155749
207.5,92.71233785172332
207.75,89.66549734686906
208.0,78.68701359110428
208.25,73.85980893734053
208.5,71.8779040498281
208.75,62.71994819366685
209.0,53.90357406181809
209.25,49.725420395125674
209.5,44.22294954477588
209.75,39.58176070726492
210.0,33.90596721875667
210.25,26.720303981641173
210.5,18.042637662471552
210.75,10.852550649159138
211.0,5.342992754019622
211.25,0.36547447264283456
211.5,4.549179392039786
211.75,0.8512855748447891
212.0,-0.7072645299514636
212.25,0.9689978702758579
212.5,-0.3618325370843415
212.75,0.9711672594555525
213.0,0.9086013598921112
213.25,0.06856794395423119
213.5,1.7208158912295493
213.75,1.3535787499551408
214.0,2.3327384535238096
214.25,0.4249658974361492
214.5,-1.9369669327054153
214.75,0.6665726686095336
215.0,-0.9820194198303006
215.25,-1.4422991355594112
215.5,-0.05841124385868244
215.75,0.08398100331445427
216.0,1.5578474228470909
216.25,3.652726006841616
216.5,-1.342175166370907
216.75,-0.40694374877255896
217.0,-0.20135292543114458
217.25,-0.04658727033933937
217.5,0.2788642846472388
217.75,-1.0078929496235447
218.0,3.3624766020447137
218.25,2.3963781746215447
218.5,-1.6938541606282624
218.75,1.4231321805070678
219.0,1.3902087338268256
219.25,-0.2209673177863541
219.5,1.0028322386728628
219.75,-0.02798245653021798
220.0,2.8609107434319982
220.25,0.9476496098482997
220.5,-1.1111049009175582
220.75,0.5971315563109738
221.0,13.521096592328762
221.25,17.872131573523017
221.5,25.049181879377358
221.75,30.562849929965235
222.0,38.001699522830364
222.25,45.02348032556206
222.5,52.60247629101855
222.75,59.31063579712629
223.0,70.75239678956703
223.25,69.46346621986933
223.5,74.41760040560916
223.75,80.17393036038803
224.0,87.6797080279208
224.25,93.58181664226082
224.5,95.31993434629905
224.75,94.80277679822495
225.0,99.98314712068857
225.25,106.8529024263722
225.5,109.13967426153444
225.75,112.0774906775475
226.0,107.6168806997908
226.25,113.98408188019631
226.5,112.01215763240006
226.75,111.65515930461933
227.0,115.13978900519486
227.25,112.08085390890463
227.5,113.7063808955398
227.75,112.9017718678401
228.0,113.57658091577869
228.25,113.2555270479864
228.5,108.39735485768655
228.75,111.71615340138362
229.0,111.1741062167675
229.25,109.23345503320017
229.5,110.41031046039686
229.75,111.44626264873726
230.0,104.55734150663686
230.25,107.75191285063542
230.5,98.59817524017691
230.75,99.31121037229396
231.0,98.1030125984006
231.25,97.84960944486447
231.5,92.14668418087211
231.75,88.5178514622557
232.0,79.58252502607175
232.25,74.31532873708726
232.5,72.6368126474928
232.75,64.06261830571754
233.0,55.39514360238831
233.25,49.9453291090445
233.5,42.69518295119752
233.75,40.50724681834067
234.0,30.850042495506635
234.25,26.59685076224093
234.5,17.22923610065406
234.75,11.811817937229781
235.0,5.423544660768528
235.25,0.8863939595679524
235.5,1.8610924216660694
235.75,1.2003062582593216
236.0,0.2893591569571111
236.25,-0.35569831557103465
236.5,0.33584125693302364
236.75,-1.469676933496014
237.0,0.38288573638504947
237.25,-3.6109304690317052
237.5,-0.28122343068767486
237.75,1.7913621290308326
238.0,2.4736846641851704
238.25,-1.1624287801399305
238.5,-0.7121020418789388
238.75,1.370540988614132
239.0,-0.48403013157267616
239.25,2.242920312402985
239.5,-0.001919853176346149
239.75,0.4080361768812668
240.0,3.8682279859179793
240.25,2.952721265367061
240.5,-1.0023439806908012
240.75,-0.10972745169429012
241.0,0.34791047331176517
241.25,-1.3647416522015654
241.5,-0.25583207134082336
241.75,-0.7421920939974367
242.0,3.5625516817759197
242.25,2.3679876804721007
242.5,-0.08470365646392194
242.75,3.2755416902815226
243.0,1.625650045162303
243.25,0.6168141996897798
243.5,0.10654012357811493
243.75,-1.0415876326212719
244.0,3.7400301193243477
244.25,-0.4123368722047306
244.5,-1.416842092596874
244.75,2.212915858594873
245.0,15.07779025624883
245.25,16.052499649097605
245.5,24.033716216194517
245.75,31.72977246063312
246.0,40.87778581869628
246.25,47.35945467193383
246.5,52.031243915723806
246.75,60.1994048396177
247.0,70.85816565735131
247.25,68.94209493816378
247.5,75.59990234585133
247.75,80.60386526051884
248.0,90.15009538820253
248.25,95.75894247324227
248.5,94.7313246261484
248.75,96.69113903117743
249.0,100.36027828715281
249.25,106.87152719194539
249.5,109.41788093936414
249.75,111.31296770227443
250.0,108.17980549905958
250.25,111.19449677329857
250.5,111.8231160157923
250.75,113.5660861273233
251.0,115.07286271539999
251.25,113.49730908609173
251.5,115.12821598555549
251.75,112.129897104927
252.0,113.77724699075837
252.25,114.25653735169905
252.5,106.17513662572868
252.75,112.00095043454873
253.0,109.23705971644729
253.25,107.04894628288928
253.5,108.00183803872486
253.75,112.30601591603299
254.0,104.92742137392285
254.25,108.34506760141261
254.5,98.14211741140893
254.75,100.50236155697317
255.0,98.60904580154303
255.25,96.2834824353047
255.5,92.72623243462118
255.75,88.72019381306772
256.0,77.70684101421854
256.25,73.87517719686596
256.5,70.45058590256725
256.75,63.65035416654218
257.0,54.22520309461679
257.25,49.34346738623085
257.5,43.57319726200948
257.75,40.12047498055744
258.0,31.500545927295303
258.25,27.16988861720229
258.5,15.76102899844616
258.75,10.94445664736928
259.0,6.198071244934245
259.25,-0.5577713459894236
259.5,2.1760043519147514
259.75,0.6774013686923024
260.0,-0.9547918171308215
260.25,0.973894128217401
260.5,0.6985663453715051
260.75,1.562843329729419
261.0,-0.7623234580276522
261.25,-0.8217236623924916
261.5,0.9045773998147207
261.75,1.8821879913818083
262.0,1.040530159516977
262.25,0.4375122486198699
262.5,-1.2417555288783926
262.75,-0.20406858443884895
263.0,0.10964775457400863
263.25,2.4451301450589167
263.5,-1.3773156555203674
263.75,1.4720145664901334
264.0,2.401196001406652
264.25,3.232866067189605
264.5,0.11834791338820451
264.75,0.444726818195233
265.0,0.22983610513983835
265.25,1.4540501814574582
265.5,-0.4564711442247224
265.75,1.1322345721792477
266.0,1.9938268043754626
266.25,2.273123959885558
266.5,-0.8738704596065711
266.75,3.836747341251619
267.0,2.8476539836826706
267.25,-0.07735617982085408
267.5,0.9093666535435867
267.75,-1.1146169630679268
268.0,2.40605825036951
268.25,-1.5927942597215277
268.5,-0.9128779867188273
268.75,1.995889195320904
269.0,15.933433647957541
269.25,20.392425767583813
269.5,23.21764941566001
269.75,32.42948952485019
270.0,40.74715184739166
270.25,46.57622554142606
270.5,53.86810746554071
270.75,59.93028116830146
271.0,71.27118114243397
271.25,69.01655193406175
271.5,73.33123707663276
271.75,77.58096554732253
272.0,89.0089702168834
272.25,94.16743451165065
272.5,94.24496990812243
272.75,96.34692449487423
273.0,100.3883876682842
273.25,106.93071318567232
273.5,108.63106181481163
273.75,111.71550752604719
274.0,109.81827364806715
274.25,112.41834036499509
274.5,113.21125259297224
274.75,114.17413574640337
275.0,116.19996874060455
275.25,113.77119828633602
275.5,115.05648379042817
275.75,113.0243991411711
276.0,111.92366115258152
276.25,114.57841790510024
276.5,106.0541357415136
276.75,109.76404618823743
277.0,111.0413695280123
277.25,109.54426178876865
277.5,110.53428003799702
277.75,113.05538669302402
278.0,103.72299921398854
278.25,108.3784809098885
278.5,98.5809806762901
278.75,99.9616483078307
279.0,99.40285091910702
279.25,95.60616413965698
279.5,92.66843844909542
279.75,87.11543199563089
280.0,80.2651116340398
280.25,74.24272399931607
280.5,71.88098262877222
280.75,63.37846487756953
281.0,54.04566032032591
281.25,48.02777998210407
281.5,44.15690411155604
281.75,39.81925392999719
282.0,31.757010894514863
282.25,24.587276547046407
282.5,15.394739283790994
282.75,10.682775874356276
283.0,4.526082251796835
283.25,1.381707593377797
283.5,1.2053879372760319
283.75,1.2884442493182524
284.0,0.061704634050368024
284.25,0.037227836421576635
284.5,-0.08879644771250095
284.75,1.4647136939782208
285.0,1.7187950030498593
285.25,-2.28212837056814
285.5,-0.5593057677209357
285.75,0.7964226970337345
286.0,2.010683208855944
286.25,0.6901044247640123
286.5,0.4730871980274752
286.75,-0.3842459128805702
287.0,1.0190436932417624
287.25,1.030195403152731
287.5,0.18405783127156553
287.75,0.9626575724868413
288.0,2.5239988508515006
288.25,2.260211122390758
288.5,0.6978168390000047
288.75,0.11061312257867771
289.0,0.38486105625634304
289.25,1.4729535721895743
289.5,-2.4508721285400865
289.75,-1.4176841701595697
290.0,1.4511234982141155
290.25,1.9701151587180394
290.5,-0.056516077082382016
290.75,1.8743979731310514
291.0,0.41736999444531053
291.25,-0.8608416785235702
291.5,3.563676444323388
291.75,1.8017419477471466
292.0,2.2236014862371682
292.25,-0.3635832903067989
292.5,-1.1492039971882941
292.75,-0.1390272640134982
293.0,14.49754026380762
293.25,16.585362923110285
293.5,23.7193839690689
293.75,29.39398351916127
294.0,39.74142490867976
294.25,46.87610028347527
294.5,53.80172261159849
294.75,60.28583664336352
295.0,69.84029643266472
295.25,70.27957082702397
295.5,73.92913503982976
295.75,79.75744866445191
296.0,88.34508665698397
296.25,93.06774710265842
296.5,94.52486110319741
296.75,96.70378261021484
297.0,100.20642079584317
297.25,106.6093613452015
297.5,110.81889564205365
297.75,111.4967253413848
298.0,107.98243402868576
298.25,112.67390552180917
298.5,114.17138256681635
298.75,114.8926603503726
299.0,113.84186954337754
299.25,112.23056599806624
299.5,115.94305553008715
299.75,111.44645751698697
300.0,111.69845769383689
300.25,113.39150061754161
300.5,107.83017642211475
300.75,110.45624893675138
301.0,109.08724083979861
301.25,108.02982916434995
301.5,108.33454468389846
301.75,112.44755144805238
302.0,107.15688093254138
302.25,108.9164291781444
302.5,99.36570843345426
302.75,99.39358212337177
303.0,98.08321376316427
303.25,95.25388058329007
303.5,89.66469564237329
303.75,86.72604986821763
304.0,78.00417567601559
304.25,71.98983167117882
304.5,71.43543699275862
304.75,64.93924991912601
305.0,54.185399899136776
305.25,49.58849887376235
305.5,42.796545446189235
305.75,40.700258758020226
306.0,31.100010009387628
306.25,27.20867845884922
306.5,17.017660869844818
306.75,10.369202006578936
307.0,5.771475298589643
307.25,0.5661877585748329
307.5,0.8207730915421677
307.75,-1.122768432270995
308.0,-1.1841283318982723
308.25,0.08650554192146179
308.5,0.3270098687893148
308.75,0.6683916118988472
309.0,0.02658534132609864
309.25,0.6080193923215638
309.5,2.060430691383044
309.75,2.8914736482123367
310.0,3.2731361591164183
310.25,-1.001291432756544
310.5,1.6835862095380225
310.75,-0.5309765045557148
311.0,1.0448728124544275
311.25,0.06798662605108885
311.5,-0.4121493784569676
311.75,-1.8076968597749328
312.0,2.0797890772030234
312.25,1.2623109138680328
312.5,0.9672992358427723
312.75,1.516792657139248
313.0,-0.41338977979483416
313.25,0.30197074251927114
313.5,-0.7253915220079754
313.75,-0.6284847301367896
314.0,3.412688628453857
314.25,2.2948375444434324
314.5,1.9377401346146597
314.75,2.8994911422011778
315.0,2.401864359230626
315.25,0.09741341295778198
315.5,1.9020303619917294
315.75,-0.4471576573299467
316.0,2.585792066370235
316.25,-0.11549887929893475
316.5,-0.8360571148457872
316.75,2.4311846837935214
317.0,15.26466945579451
317.25,18.176769601259878
317.5,25.341200154648554
317.75,32.44353416944105
318.0,40.12845467714088
318.25,47.100525506606616
318.5,52.811912324556346
318.75,59.89172000073606
319.0,70.56103596770289
319.25,71.04495540602447
319.5,75.09304488677458
319.75,78.9065616217402
320.0,89.54934390545854
320.25,92.27351919194095
320.5,92.8269562129133
320.75,97.13425752337085
321.0,99.65392386348593
321.25,107.00079554290669
321.5,107.96072064813406
321.75,110.46598085954788
322.0,110.24259755548685
322.25,112.7479833294681
322.5,112.40729562677097
322.75,112.49312183948463
323.0,114.67529657233064
323.25,111.02790122002338
323.5,114.71577716427446
323.75,113.35022167630646
324.0,111.44537949995795
324.25,113.21627785593384
324.5,106.25248508040673
324.75,109.59329444855372
325.0,109.79128608702611
325.25,106.61963947108597
325.5,109.66115218666823
325.75,114.080916146645
326.0,104.6241454672284
326.25,106.1382095969743
326.5,97.48253075304713
326.75,101.11556152559339
327.0,95.49117615962174
327.25,95.6199111524669
327.5,91.13640319882523
327.75,88.90862944665032
328.0,79.13968040385252
328.25,74.64356946986604
328.5,73.19625638622583
328.75,65.4505200794744
329.0,54.02689412316576
329.25,48.67397948106378
329.5,40.90050739016092
329.75,41.108113495598815
330.0,31.240398156620838
330.25,26.123973340568803
330.5,16.26669884092126
330.75,9.38296495347278
331.0,5.440704956902415
331.25,0.9674662729250108
331.5,1.6632595361695421
331.75,-1.588897564178725
332.0,-0.12380929432965958
332.25,0.7420289029794906
332.5,-1.8779887659659078
332.75,0.3861514285390477
333.0,0.87654360408152
333.25,0.3075777903803649
333.5,1.854211558844497
333.75,3.19908833571316
334.0,2.4647081054245774
334.25,0.6578880104331793
334.5,2.710745527218326
334.75,-0.2138045580904907
335.0,-0.7978827636184951
335.25,0.4277963982471327
335.5,0.4389910293888949
335.75,-0.5267153919462082
336.0,1.2189565678645242
336.25,5.13153857126372
336.5,0.3268434703880229
336.75,-0.7322853814020757
337.0,1.2994515117814547
337.25,-0.1091451515613345
337.5,-0.25288144631783127
337.75,0.5622728719144933
338.0,1.3463116563567956
338.25,2.6860030102040175
338.5,2.1110469004154004
338.75,3.8479012831014097
339.0,1.0263159229726724
339.25,-0.507105280428242
339.5,0.6959123789023869
339.75,-0.25396267804778105
340.0,2.257544371163546
340.25,0.9163114410745667
340.5,-1.7332091032089831
340.75,2.6311031996239027
341.0,14.234733925073582
341.25,17.960162692049682
341.5,22.677246590530046
341.75,32.32282043505418
342.0,41.74903432716189
342.25,47.68706371392251
342.5,51.920758238021016
342.75,60.69748575568756
343.0,71.56564050445746
343.25,67.81961384975585
343.5,74.7050493526608
343.75,79.48912523887788
344.0,88.91180060742532
344.25,94.62139596868522
344.5,95.13229022462598
344.75,97.81203026040417
345.0,100.81948932527925
345.25,103.88329428886318
345.5,108.96967819661492
345.75,110.32456354285429
346.0,106.48698957235855
346.25,112.01796676790455
346.5,113.48634685403866
346.75,111.84560788999897
347.0,115.40627036288991
347.25,112.24127563192695
347.5,113.78622471967361
347.75,113.98213220199465
348.0,112.47844100701674
348.25,114.33990723725128
348.5,105.53873159657917
348.75,112.42096320475736
349.0,110.3404569065107
349.25,108.5215417834242
349.5,109.62242825831106
349.75,111.9172416477635
350.0,106.05777879701797
350.25,108.29493333146242
350.5,98.2748798640011
350.75,99.39100397652521
351.0,97.68851903760473
351.25,96.66210517628883
351.5,92.57231082739672
351.75,88.75580728646852
352.0,79.80599966651042
352.25,74.75281526020761
352.5,72.21194722313169
352.75,65.84402608115393
353.0,52.66190565041063
353.25,49.558872435004155
353.5,43.75347032000933
353.75,39.065541126339475
354.0,34.23018061524817
354.25,27.68021778760187
354.5,17.260085642593385
354.75,10.973871485838506
355.0,4.9947087697548005
355.25,-0.20940882703960811
355.5,1.7608563089917677
355.75,1.4011862750338961
356.0,0.1813142178614196
356.25,-0.9114436231372903
356.5,0.8244270623849798
356.75,2.382068188751554
357.0,0.6546595284477861
357.25,0.782981262708061
357.5,1.171311846559935
357.75,0.4106043609592688
358.0,1.1279618962775952
358.25,-1.635463248457858
358.5,0.23694861154594976
358.75,-0.08344878322659362
359.0,-0.43998770452970876
359.25,-2.95561882434507
359.5,-1.247317469694169
359.75,1.1208406514031668
360.0,1.5867275873562408
360.25,3.1822858268304834
360.5,-1.3906854299752562
360.75,1.4387054823592311
361.0,0.23949354944717968
361.25,0.2900403964835352
361.5,2.325779791881685
361.75,1.5164401005894037
362.0,2.331628303301428
362.25,1.740155621416486
362.5,-0.1274529188358837
362.75,3.8916218693806344
363.0,1.2973038925052658
363.25,-0.39524414500347166
363.5,2.5734336029565386
363.75,-0.11420989177783689
364.0,4.934939996959137
364.25,0.09074256375217302
364.5,1.7853183942247275
364.75,2.1264225719223955
365.0,15.577381023465593
365.25,16.858603854836588
365.5,22.9504752781435
365.75,31.453895323219733
366.0,41.49195260945533
366.25,46.7677296901729
366.5,52.14911967873086
366.75,58.508106318332175
367.0,69.73364901463552
367.25,67.65726298394904
367.5,74.8388320958787
367.75,80.24963467155264
368.0,88.34230954667736
368.25,92.18371984439851
368.5,94.65029834744405
368.75,96.17561987151848
369.0,101.689454165594
369.25,105.29321132972638
369.5,108.8964391488534
369.75,112.19506725094281
370.0,108.68906648643207
370.25,112.48709678318866
370.5,112.35217351865204
370.75,113.26211928824682
371.0,115.84747895447858
371.25,112.34761279033063
371.5,115.33619532226149
371.75,111.13173555093907
372.0,113.34936679996011
372.25,114.05643571152699
372.5,106.79365662444805
372.75,110.53596036803684
373.0,109.11526430753865
373.25,107.63234029921271
373.5,108.69326700669752
373.75,112.22307244133965
374.0,105.19804551935856
374.25,107.46883261280648
374.5,99.19092640204057
374.75,98.70118052356187
375.0,97.70287552476931
375.25,95.34283115644524
375.5,93.64155070616734
375.75,88.43434909068209
376.0,79.60306055345158
376.25,74.73833489020015
376.5,70.52360361972704
376.75,63.57116065010347
377.0,56.22735024464589
377.25,48.43028161784384
377.5,42.453476038457694
377.75,40.46582831194726
378.0,32.896512248006545
378.25,24.68726081176669
378.5,14.606620153979446
378.75,11.156140589898776
379.0,4.497058366075967
379.25,1.3120252622199142
379.5,1.0551513227870266
379.75,-1.9345307357131178
380.0,-1.268013916843997
380.25,-2.7496760196305754
380.5,-0.23412553728291255
380.75,1.2725333150923783
381.0,-0.42446270978189776
381.25,1.116361395212817
381.5,2.6407598132344368
381.75,1.169205104733737
382.0,-0.13853834055848102
382.25,0.6172815804922585
382.5,0.5553602285085755
382.75,0.309391570156945
383.0,0.9814797493081158
383.25,-1.16482809646104
383.5,2.008755386185139
383.75,-0.959427753141868
384.0,3.000576514620226
384.25,1.1343464547602902
384.5,-0.9302646872700508
384.75,1.5163686467253361
385.0,0.12262138650100618
385.25,0.8399226051327979
385.5,0.2369553887192461
385.75,-0.10495815600017268
386.0,4.002044249521175
386.25,2.0967169816349447
386.5,-1.5826460148798225
386.75,2.5784835289523937
387.0,1.953719755457831
387.25,0.39550910636250813
387.5,-0.4608058979879419
387.75,-0.724342519408201
388.0,2.053629554719571
388.25,-0.365469594114225
388.5,-1.3759135886015514
388.75,1.1407320410922899
389.0,13.885809964956618
389.25,18.35474816611623
389.5,24.613355811721153
389.75,30.84837891011593
390.0,40.11135957111929
390.25,46.86739750021155
390.5,52.61893790635898
390.75,58.72153260245406
391.0,70.22056420789603
391.25,68.79007193291696
391.5,73.56587293663934
391.75,79.28665030890748
392.0,89.08544100738587
392.25,92.85703630093812
392.5,94.86618751899462
392.75,96.11848307288474
393.0,99.93496410090538
393.25,106.73741047454233
393.5,107.83351747152096
393.75,109.22682527154109
394.0,108.26851172067049
394.25,112.95256462941775
394.5,110.02340171058516
394.75,113.27790232939114
395.0,116.25949142948768
395.25,113.00407323301718
395.5,115.00833923937974
395.75,111.8016694869268
396.0,112.90163262785168
396.25,112.2567812299325
396.5,105.06560640422128
396.75,111.50141144458776
397.0,108.75280953247976
397.25,108.24851378107103
397.5,107.66043949504098
397.75,111.91709137362744
398.0,104.7014103551707
398.25,107.8893409128232
398.5,98.85692037704422
398.75,100.33519801047028
399.0,98.59002008667493
399.25,96.20603535558887
399.5,93.89417218222438
399.75,87.0364653760206
400.0,79.75985948979307
400.25,75.37230526965001
400.5,73.89533577639476
400.75,62.19253059039981
401.0,53.91748062518526
401.25,49.65605620730843
401.5,42.89364197448742
401.75,40.112962963784845
402.0,31.783222311257546
402.25,26.300926578948804
402.5,16.577165698860796
402.75,10.693475173828146
403.0,5.169356306929033
403.25,0.07859870611503737
403.5,0.6922541841787514
403.75,0.5321293738814383
404.0,2.9142446484154196
404.25,-1.7769866393260751
404.5,0.3240125241899799
404.75,0.7007273537378561
405.0,0.57740257751925
405.25,0.08403982951093933
405.5,2.2040947507602064
405.75,2.515100104598628
406.0,2.1885764446865563
406.25,1.1320522884141782
406.5,-2.3442978937886774
406.75,1.5904522979160232
407.0,0.3750621518923401
407.25,1.0778433557451819
407.5,-1.2198757448415216
407.75,-0.8307698816053357
408.0,2.3972918815641457
408.25,2.804656259836179
408.5,0.2830685880099896
408.75,1.0845151609299661
409.0,-1.381699105800993
409.25,0.9738190717173091
409.5,0.008281909957927018
409.75,-0.20378186112454774
410.0,1.1670786902035952
410.25,2.83642447466371
410.5,-2.216015758347389
410.75,4.030117632142812
411.0,-0.08957780871685506
411.25,0.053457912617474034
411.5,0.9870835149195759
411.75,1.1695381472938837
412.0,2.4566957349079277
412.25,-0.6941385611456656
412.5,-0.506602695971203
412.75,3.041985917966432
413.0,15.150717419397038
413.25,17.197584924831148
413.5,23.567788080766398
413.75,29.4270122776193
414.0,40.89187356784156
414.25,44.96765748047697
414.5,54.18730947965001
414.75,59.99698627711277
415.0,73.54773721639567
415.25,68.32474954316412
415.5,74.62668464539098
415.75,80.92287845076768
416.0,89.54711497389358
416.25,93.74792255015646
416.5,95.06502623615204
416.75,96.34041822456616
417.0,99.87541128276273
417.25,106.0516688066611
417.5,109.19779634875187
417.75,108.89116219512154
418.0,108.3742115969536
418.25,112.37380438309407
418.5,112.01016966898428
418.75,111.31712485900478
419.0,116.0584012870515
419.25,113.5216241472162
419.5,113.73212164565231
419.75,112.22413812098654
420.0,111.52032942434673
420.25,112.85228462046275
420.5,106.87213836628301
420.75,111.78706645564263
421.0,109.09830106931673
421.25,109.34425528540322
421.5,108.50856554544958
421.75,113.57500863756319
422.0,104.73385255312151
422.25,109.49197470705158
422.5,97.94413804083096
422.75,98.31013134148826
423.0,96.88722140898669
423.25,95.43555707071766
423.5,91.06734400661445
423.75,88.51427116074504
424.0,79.34902619113791
424.25,76.61422199915685
424.5,70.89308137191959
424.75,63.81792741845418
425.0,53.10188304333546
425.25,47.804533771058495
425.5,42.5269823426289
425.75,37.59232855743078
426.0,32.23773312148023
426.25,28.587634966930718
426.5,15.83550833740188
426.75,11.205657155618137
427.0,6.236856621098877
427.25,-0.16395350002699655
427.5,0.7893655241407673
427.75,-2.2757364037217522
428.0,0.6409907193949733
428.25,-0.11316840972889723
428.5,-1.0126838513881617
428.75,1.5875141526344552
429.0,-0.5836803568061814
429.25,-0.49094377493244723
429.5,2.0485311328264513
429.75,0.001211116766003828
430.0,3.0434706129921336
430.25,-1.3976861631184037
430.5,-0.6627014083552638
430.75,1.9229461940665773
431.0,1.1273547616424222
431.25,0.09760399249544019
431.5,-0.9405302155012165
431.75,-0.5292723066998932
432.0,2.324628902005068
432.25,2.8592173815132402
432.5,-0.09087092962596285
432.75,-0.03083251408418433
433.0,0.169146099796742
433.25,-1.4419787356400129
433.5,-0.5165107421608328
433.75,0.9146240539868465
434.0,1.269859627037368
434.25,2.1438202947475666
434.5,-0.6216618360871958
434.75,3.49307405030221
435.0,1.0138948456893186
435.25,1.477393664974669
435.5,1.61283550643775
435.75,-1.3118031657772113
436.0,3.3065789155355163
436.25,-0.774651856262063
436.5,-0.5769963713775336
436.75,2.0829221693188904
437.0,14.122673030486009
437.25,18.476070722677267
437.5,23.029724439217514
437.75,30.375242815613383
438.0,39.84702847344191
438.25,46.1618344398174
438.5,54.53470456936237
438.75,60.497160978231804
439.0,72.87072937083383
439.25,71.69252930078767
439.5,73.69862970449927
439.75,79.1950098771719
440.0,87.17952501695873
440.25,93.6665286739881
440.5,94.21097629752292
440.75,95.2812639940128
441.0,98.54156814247015
441.25,106.60606486412567
441.5,108.0703983330662
441.75,111.33134152953588
442.0,107.321334607668
442.25,114.73335267976863
442.5,111.78620463066376
442.75,113.00419339150662
443.0,113.774528239734
443.25,114.86319086735104
443.5,115.57763742415621
443.75,112.80165443856072
444.0,111.674196278349
444.25,114.08836162596528
444.5,106.2885186666229
444.75,112.02100090683584
445.0,110.54699919205737
445.25,108.7994806645622
445.5,106.61050608506385
445.75,112.34364509805229
446.0,105.56300918686519
446.25,109.831801798682
446.5,99.58811919054166
446.75,98.29064658924923
447.0,98.57072274716323
447.25,96.98294978114335
447.5,90.65806841171025
447.75,88.09615462969225
448.0,80.08863675430445
448.25,73.9388508642837
448.5,70.77863411165552
448.75,63.28859612967065
449.0,53.90253063658611
449.25,48.149862706893416
449.5,41.822091443863286
449.75,39.4746877790636
450.0,31.961200722345225
450.25,27.12718210962626
450.5,15.984519872913804
450.75,10.536200370444627
451.0,5.304288966227935
451.25,-1.9209159258951816
451.5,1.8473608398987087
451.75,-0.0005630971229588082
452.0,0.039693526597561826
452.25,0.960734307594464
452.5,-1.9528155300482481
452.75,-0.512916427502202
453.0,0.27380384532351953
453.25,0.03036550105456263
453.5,1.6124169199096754
453.75,0.8774664529174028
454.0,2.660509001158306
454.25,0.93263884299112
454.5,0.48398229395152703
454.75,-0.26082845840458313
455.0,-2.107689387614403
455.25,0.7692362080371281
455.5,1.2217286662175928
455.75,0.64455841198398
456.0,1.3717111600518652
456.25,3.4954885428413998
456.5,0.8605297079614455
456.75,1.5588162477990857
457.0,-0.49258871472610155
457.25,-0.22645458454413847
457.5,0.7472720511434552
457.75,0.05741007143815779
458.0,1.5208663225372108
458.25,2.747992091313548
458.5,0.7767537264988148
458.75,3.469686517235101
459.0,1.622112953936081
459.25,-0.25870590168573016
459.5,2.5845312879635554
459.75,-0.9006921837126766
460.0,2.048030141158039
460.25,0.010985513527525621
460.5,0.8789540277008926
460.75,0.27172997911723185
461.0,13.304123700450706
461.25,15.545486398619593
461.5,23.83692972598418
461.75,29.875883550998203
462.0,40.1188492569721
462.25,47.388851378064146
462.5,52.79397029303171
462.75,60.09964670736487
463.0,70.86144750907003
463.25,70.09699941198485
463.5,75.20447480377962
463.75,78.43265705367
464.0,88.18707358020171
464.25,95.48787799945686
464.5,95.2344356780327
464.75,94.94145681039996
465.0,100.24907347653995
465.25,105.66573862020968
465.5,110.69962982141361
465.75,111.51331341023928
466.0,108.52897362100391
466.25,112.08101655310843
466.5,112.02855682560075
466.75,113.61069970098958
467.0,114.69909125473798
467.25,113.39266897986329
467.5,115.33007110987275
467.75,111.94293202429901
468.0,112.40480608713787
468.25,112.6833292675162
468.5,106.34547696651398
468.75,108.73025033192098
469.0,110.46763324921973
469.25,110.51295616815723
469.5,110.47221069178147
469.75,111.7009765880848
470.0,105.60010272682152
470.25,110.0410244568824
470.5,98.02213939831086
470.75,99.98410702214075
471.0,96.26127738954565
471.25,96.23417073263707
471.5,91.25284424785778
471.75,88.30369416297701
472.0,78.2535914338071
472.25,74.78247367360802
472.5,73.65530864248342
472.75,62.83111437802921
473.0,53.0929134854307
473.25,46.14191206889119
473.5,42.11914933521318
473.75,39.33610599802346
474.0,30.449887592344147
474.25,27.137746260968722
474.5,15.838976253905823
474.75,9.870113340167396
475.0,4.65736252233303
475.25,1.0713045389296156
475.5,1.973262656427473
475.75,-0.13002606149848983
476.0,0.6191050184648526
476.25,-1.160911956386739
476.5,0.03237010072703053
476.75,1.6082397728432323
477.0,-0.4698365084987269
477.25,0.4729406921404962
477.5,0.6618065220732919
477.75,1.8494142358659662
478.0,2.548014098449667
478.25,-2.917159880697066
478.5,1.1903057035101177
478.75,-3.047632565352754
479.0,-0.6160490255561253
479.25,1.025348034257755
479.5,-0.31728672525244067
479.75,-1.466185982469542
480.0,1.1576165257027011
480.25,3.8485998954942615
480.5,-1.9215045305486382
480.75,1.1289911009620173
481.0,0.32841911045956673
481.25,-1.1923953304424335
481.5,-0.5831150723026911
481.75,-1.0172243411016413
482.0,3.504419125447014
482.25,3.065803616049683
482.5,-1.5210690411923986
482.75,2.9781315023847648
483.0,0.5393423644118598
483.25,1.2935099684593703
483.5,-0.24384676587892473
483.75,1.604229104685014
484.0,2.60205616440488
484.25,-1.1619344063800876
484.5,-0.6772741840092779
484.75,0.967484308443318
485.0,13.339802048200639
485.25,17.678041766084686
485.5,22.576318950039067
485.75,28.81382315946656
486.0,40.12372289614184
486.25,44.924616991754554
486.5,52.68335214574704
486.75,58.95926179601815
487.0,70.28956934479594
487.25,71.42584819847858
487.5,74.78575830360118
487.75,79.36996175883995
488.0,86.57932703725987
488.25,93.79017146809944
488.5,95.05636143772011
488.75,95.31388995523807
489.0,100.50151825888655
489.25,105.5476526567449
489.5,109.00075061558742
489.75,109.90316293042268
490.0,108.40340880446743
490.25,111.28329363781681
490.5,111.96669545455723
490.75,112.69604565781158
491.0,114.33548166680873
491.25,113.64219297772051
491.5,114.69652511819072
491.75,112.41612462257143
492.0,112.59054049366661
492.25,114.67423877876065
492.5,107.17411546882597
492.75,110.25194835553654
493.0,109.84249449009234
493.25,110.4006283090453
493.5,107.70652554028996
493.75,114.09691796976666
494.0,102.98207689402722
494.25,108.83619126518747
494.5,100.05403220665825
494.75,100.371328115958
495.0,98.43979551889012
495.25,95.40698509585735
495.5,92.34745117778105
495.75,87.85199632966213
496.0,79.02881774806463
496.25,73.94973983365556
496.5,72.82917712768317
496.75,62.84707717121374
497.0,53.42355424615645
497.25,46.937691673848995
497.5,42.77628789537725
497.75,40.46302319427213
498.0,32.23256744892872
498.25,27.649897997385217
498.5,16.3768142728512
498.75,11.337860236178386
499.0,5.51577235361104
499.25,-0.09154001941820787
499.5,0.8395038845426033
499.75,2.214152615791911
500.0,-0.4519509798535085
500.25,-0.6658777111204364
500.5,0.43400982345010697
500.75,1.7127718576517668
501.0,-1.4047915476103274
501.25,1.160160610746817
501.5,1.3480454013669099
501.75,0.2286624328741278
502.0,3.184939441272249
502.25,0.625675571596154
502.5,-1.2645419919479142
502.75,1.7771828402577243
503.0,0.6587973683661927
503.25,-0.010196115625046132
503.5,1.5902188056217794
503.75,0.15929778382964058
504.0,2.22327051231534
504.25,2.1613940331516526
504.5,0.5818504393070786
504.75,0.4766029673239799
505.0,0.39820134939156737
505.25,-0.789986353867603
505.5,0.12992985416607386
505.75,-0.06979878576213788
506.0,1.3047196058542845
506.25,0.8615634549626594
506.5,0.7632454714934176
506.75,0.7798353058524099
507.0,1.607938553717397
507.25,-0.4780830577538245
507.5,2.4144989591274064
507.75,-0.49346820915387574
508.0,3.2948351181737134
508.25,-0.3969138412377916
508.5,0.11374815348614345
508.75,2.50593968013182
509.0,14.151864733891564
509.25,18.579769790852716
509.5,22.810536623624426
509.75,31.288782210763127
510.0,41.426039089777866
510.25,47.38751067996277
510.5,55.35195789054997
510.75,59.10492536731084
511.0,69.78163616547316
511.25,68.4305499883933
511.5,75.38978930298005
511.75,79.622513684114
512.0,88.45798199324958
512.25,93.32117755262924
512.5,95.60792610110765
512.75,95.11371409050054
513.0,100.75240499774547
513.25,109.60778766578579
513.5,109.65356789802415
513.75,111.07232270605599
514.0,107.74622837618996
514.25,110.11357038858542
514.5,111.63486971859794
514.75,111.83928050849082
515.0,113.62286484778502
515.25,114.87945905121904
515.5,114.73099926137907
515.75,112.88442614843859
516.0,112.71197646193231
516.25,113.70482366579722
516.5,108.37450039487949
516.75,110.52630852466727
517.0,110.26849839822893
517.25,108.50803732822943
517.5,108.70472885757911
517.75,111.92014691110946
518.0,102.89749899289819
518.25,108.35735620589244
518.5,98.53544607104276
518.75,98.5965295547819
519.0,98.23469557531568
519.25,96.02118712765092
519.5,90.16039597123311
519.75,87.18893448558599
520.0,80.22205824973146
520.25,74.62667417852617
520.5,71.47712105065696
520.75,63.77274229024412
521.0,55.252243292201605
521.25,49.07500807043207
521.5,42.29027708227442
521.75,39.44972361898078
522.0,31.3715625203577
522.25,27.152547287566208
522.5,16.48405060891336
522.75,11.57525330491483
523.0,5.343808741094629
523.25,0.8187639503474419
523.5,1.4649182456299508
523.75,0.7846887161316864
524.0,0.8708227703666389
524.25,-0.8045266302248135
524.5,-1.808144046870746
524.75,3.0044102983713152
525.0,0.2566587307122617
525.25,-1.6770035393130431
525.5,0.7284204794990321
525.75,2.111467820459677
526.0,1.716478495785482
526.25,-0.5120614193191271
526.5,1.4008818603129667
526.75,-1.0472871463838105
527.0,-0.7981533577548339
527.25,0.21138647504826755
527.5,0.39045493205388226
527.75,0.4963430343407315
528.0,3.1625916319883185
528.25,3.0202727698551586
528.5,0.48938393893840915
528.75,-0.2592092593150832
529.0,0.4462195127385703
529.25,0.10753418005363442
529.5,0.21509813581903608
529.75,0.7725398075827608
530.0,3.193339606533317
530.25,2.377592809187028
530.5,-0.6110338922573917
530.75,3.4493948789668085
531.0,1.374510241860393
531.25,0.19318157981319836
531.5,3.3127776593878986
531.75,-0.5237727785412354
532.0,3.0576399230471774
532.25,1.0684620672442982
532.5,0.09800191409938289
532.75,4.106948268383934
533.0,14.236381158484667
533.25,17.907304128674358
533.5,23.00542875583793
533.75,30.642664633061454
534.0,40.752333277386676
534.25,47.57377725048017
534.5,53.75460784783813
534.75,61.12747953395624
535.0,71.06582010622908
535.25,69.09271656704941
535.5,77.43333184371099
535.75,79.51882839928665
536.0,87.63624378762361
536.25,93.7498708394883
536.5,93.89837889324725
536.75,97.27498822400787
537.0,99.22907812247533
537.25,106.87771171830241
537.5,109.22360807701433
537.75,111.22070697833918
538.0,107.3923440522015
538.25,110.84821142352922
538.5,112.46188638880976
538.75,113.53313503428946
539.0,115.40240173729768
539.25,112.34764538012607
539.5,115.13562158544468
539.75,111.76087764072896
540.0,112.49946018234218
540.25,112.93374122351865
540.5,108.71110806129218
540.75,111.19206718438983
541.0,110.34279783588308
541.25,109.95125304721691
541.5,111.85953099654989
541.75,111.61783497280116
542.0,104.13687147438822
542.25,108.00274302278432
542.5,97.62812975666684
542.75,98.80507634388698
543.0,97.96951737629496
543.25,94.75083084937101
543.5,92.6514463448299
543.75,88.15575746649411
544.0,80.29582302075964
544.25,74.74734390076868
544.5,73.2338028204834
544.75,63.240885302920496
545.0,56.3509794694748
545.25,48.53236622792327
545.5,40.52307811666356
545.75,38.915324186538854
546.0,30.260404015664385
546.25,26.702062133807857
546.5,16.16714141171714
546.75,10.477423600913172
547.0,7.222861040373991
547.25,0.5489828740769108
547.5,2.096424074118585
547.75,-0.9310734879421032
548.0,-0.9991448913310123
548.25,0.03680549909695475
548.5,0.17300713965222583
548.75,-0.3953941247576953
549.0,-0.18030702284953407
549.25,0.051554439056583204
549.5,1.2270908109466143
549.75,0.5262031157431719
550.0,1.456620144997235
550.25,-0.17685919357279603
550.5,0.09080002361004777
550.75,0.604791582550568
551.0,1.0808562049508712
551.25,-0.2943477235272498
551.5,-0.45615619611535785
551.75,0.43765567353430623
552.0,2.862198503830226
552.25,2.387493715914756
552.5,0.7903934769661722
552.75,0.9795853411559731
553.0,1.6752076751605292
553.25,1.7783209067198225
553.5,-0.8664161386594389
553.75,0.01389820933251119
554.0,2.649471621207146
554.25,2.2353022377543375
554.5,-0.451170826926488
554.75,1.8961616176730274
555.0,1.4952074727851405
555.25,-0.7683556595479125
555.5,1.1922458329951213
555.75,-0.7940435416988534
556.0,1.5356925580774763
556.25,0.2342983603768977
556.5,0.15092152680649595
556.75,2.3483851205327015
557.0,16.80028421663377
557.25,17.860504437565158
557.5,24.28931626779504
557.75,29.91662803933742
558.0,39.21649192645364
558.25,48.31030263494577
558.5,52.512033233881255
558.75,58.82442061315286
559.0,71.1216864956052
559.25,69.33469268351102
559.5,73.82684022998832
559.75,78.81961753113151
560.0,89.58510105125227
560.25,93.63814099290457
560.5,93.44738632341242
560.75,97.28101248905087
561.0,100.08575232730661
561.25,106.12983062199726
561.5,107.70494973532568
561.75,109.74459121395968
562.0,108.18438370823624
562.25,113.08945579955605
562.5,111.2010071067585
562.75,112.84765586807809
563.0,115.74501408409493
563.25,110.77583176910147
563.5,115.49192291129219
563.75,111.32228799561817
564.0,113.3529943205855
564.25,114.1243778978514
564.5,108.494536104104
564.75,111.10957002425602
565.0,107.36051396847422
565.25,107.91926237891846
565.5,109.18508687766445
565.75,113.13208119059153
566.0,105.3528587850221
566.25,109.40828466262855
566.5,99.08740111547921
566.75,99.66838464893623
567.0,96.42283342922984
567.25,95.5119533158056
567.5,92.73277212543145
567.75,87.01361189251502
568.0,80.44606908611756
568.25,75.14800874639774
568.5,72.75766294335257
568.75,60.55051437343199
569.0,52.951747704129325
569.25,50.18412426999725
569.5,41.83902507625998
569.75,37.933556709176074
570.0,33.23615439300247
570.25,26.69808309620022
570.5,17.3938871247282
570.75,11.222807974031994
571.0,5.670494064185646
571.25,0.3630092477145166
571.5,2.0678140245932504
571.75,2.2774304485560983
572.0,0.9710063359591881
572.25,-1.580339317845535
572.5,0.4466615152789034
572.75,2.602398210459979
573.0,1.202700806536146
573.25,-0.38912262687602117
573.5,2.607184421905871
573.75,2.2673359276410534
574.0,4.568672763888105
574.25,-0.7500017362485115
574.5,-0.5074005764004252
574.75,-0.3061190484599539
575.0,-0.4902221500387753
575.25,-0.890020749763603
575.5,-2.762675505673743
575.75,-0.4346994737231341
576.0,2.6207116471192764
576.25,2.328472303667731
576.5,1.9353811835291097
576.75,0.013375812715862578
577.0,1.6745502646859916
577.25,0.26142041272996835
577.5,0.826407309893258
577.75,0.27924155393356226
578.0,4.006978556492048
578.25,2.389315156419246
578.5,0.6942128007724339
578.75,3.7480565545541427
579.0,1.114242568628818
579.25,0.4049823189246768
579.5,3.340638598445178
579.75,-0.270396942095442
580.0,3.054815796775066
580.25,1.2577789508694428
580.5,1.1402532809442802
580.75,1.7808195669311337
581.0,12.231031747258783
581.25,18.099917725002776
581.5,21.58476024210786
581.75,32.46412659914598
582.0,40.67287323818328
582.25,47.72714720804443
582.5,52.53340187563351
582.75,58.31585721132145
583.0,71.42153980096292
583.25,69.39128165693228
583.5,74.23780591027445
583.75,79.20925203057737
584.0,91.12316122563442
584.25,95.27866014910542
584.5,95.89055741364191
584.75,97.18235575970444
585.0,101.07291755922076
585.25,106.56027756974518
585.5,107.23235544377731
585.75,110.30062843739223
586.0,109.05082385508202
586.25,110.95398331455716
586.5,112.06122313113883
586.75,112.24040600658725
587.0,116.57189867604316
587.25,113.90655612462996
587.5,115.10967736399725
587.75,113.12633988094558
588.0,112.98374957457644
588.25,114.07525103076816
588.5,106.22476513210783
588.75,108.37220366461192
589.0,109.88788559054923
589.25,109.0280318823466
589.5,110.25614631673655
589.75,114.89839689279368
590.0,106.44524654026426
590.25,107.62089451366496
590.5,98.12668434409976
590.75,100.36299388737207
591.0,100.8010751180925
591.25,97.44753376837434
591.5,93.43580113929087
591.75,87.7162711895162
592.0,78.93159472484086
592.25,75.02852333251367
592.5,71.53013470282237
592.75,63.37585788876408
593.0,54.115058117839204
593.25,49.890847200563975
593.5,42.03086556632868
593.75,37.47845029373245
594.0,32.50535165235467
594.25,25.985705651552625
594.5,16.331577660208218
594.75,10.859144597970506
595.0,4.938230932155709
595.25,0.7903405817847039
595.5,-0.16253916568045668
595.75,-0.5170142249543602
596.0,0.6840379131173813
596.25,-0.6140847753443682
596.5,-1.6088067092699718
596.75,2.1294727856134976
597.0,1.123094630441539
597.25,-0.007512851459927937
597.5,-0.5186056217517894
597.75,2.0455632747886643
598.0,0.3362674454986869
598.25,0.3087992768481657
598.5,-0.8874638247421598
598.75,-1.1598392857669653
599.0,-0.4419100170796902
599.25,-0.18329755642725984
599.5,-0.6442082503864482
599.75,0.5887032782151507
600.0,1.805284208960538
600.25,3.8018850208454635
600.5,0.28117316564347944
600.75,-0.697557206596308
601.0,-0.48241867433042984
601.25,-1.6474962990474387
601.5,0.2907331778668224
601.75,-0.3545875472513581
602.0,0.26599839652497126
602.25,1.797660933517445
602.5,-0.7029419365713039
602.75,4.957401213074759
603.0,-0.30025058513717284
603.25,-1.4413507997340538
603.5,2.2162219953531963
603.75,1.3567631574639631
604.0,1.8903679651961762
604.25,-0.6320858228089109
604.5,0.6162353965533128
604.75,-0.5579966477335416
605.0,12.753226765710588
605.25,17.3024815055036
605.5,25.354125066860036
605.75,30.558459280038008
606.0,40.60433615872517
606.25,47.86126246073645
606.5,55.5423977470927
606.75,59.291516211473194
607.0,71.14394869308833
607.25,71.24694031823125
607.5,73.20714746124018
607.75,80.15217182039844
608.0,87.33740980124091
608.25,94.54660696883953
608.5,94.59843976037833
608.75,95.38040726744985
609.0,98.61035348771028
609.25,107.02676360689968
609.5,110.28265607961528
609.75,110.35947836720975
610.0,108.30920130381874
610.25,112.49495777596329
610.5,111.2659703086152
610.75,113.67186825800249
611.0,115.88921252125978
611.25,115.76072540797381
611.5,114.0820325527937
611.75,112.04665676615647
612.0,113.7899646987023
612.25,114.69679891715279
612.5,106.87486255926345
612.75,110.15548296643243
613.0,110.27893529842224
613.25,107.87645738533979
613.5,108.63634776029615
613.75,113.41665384407975
614.0,105.87118674008758
614.25,108.0143194907793
614.5,96.63656491701886
614.75,97.96606212397248
615.0,97.00975737364419
615.25,94.65426684646049
615.5,92.16179321867259
615.75,86.91517899146788
616.0,79.11203939617478
616.25,73.46552956414837
616.5,72.19028810620874
616.75,64.9367985712675
617.0,54.89178365627165
617.25,48.314064526717175
617.5,41.92453658870752
617.75,39.48446727568205
618.0,32.32865347464415
618.25,27.26889657800884
618.5,15.381329129669872
618.75,10.98233005442686
619.0,3.18031535931045
619.25,0.21171378417059702
619.5,2.1324749546309367
619.75,-0.2800686268808754
620.0,1.8165269961401054
620.25,-0.8812384474360504
620.5,0.21744041530326128
620.75,1.425092695690806
621.0,-0.10029766744340833
621.25,-0.07683981182166924
621.5,1.5493450067272148
621.75,2.1875522715535483
622.0,3.3738915631931192
622.25,-0.0022502445041573905
622.5,0.8153160721716332
622.75,-0.7017669462667825
623.0,0.765955452726233
623.25,-0.7619915238269903
623.5,1.0906599360881322
623.75,2.2106408773932396
624.0,2.12926969944798
624.25,0.6291506583662332
624.5,-0.548072933244823
624.75,1.2318751342893033
625.0,0.936597996527101
625.25,0.24891359867502955
625.5,1.008668355954839
625.75,0.484453439248422
626.0,3.855919112039622
626.25,3.2527994829338307
626.5,1.7197925454206069
626.75,3.740519704810353
627.0,2.3077874282500916
627.25,-0.3071270730857854
627.5,0.5047915406884904
627.75,1.7067676404189733
628.0,2.8515555802445056
628.25,0.804880565862379
628.5,0.12374001441139017
628.75,1.1825874982918043
629.0,14.625403342798545
629.25,19.019208924122026
629.5,24.359474575010335
629.75,29.282716208474287
630.0,40.288154910413866
630.25,48.50976698087715
630.5,53.2217161519646
630.75,58.06788599288733
631.0,73.0538343022443
631.25,70.1072776067012
631.5,74.6593338776188
631.75,78.75317301376255
632.0,89.43807726339391
632.25,93.90215120151018
632.5,95.98931523229459
632.75,96.88061415387534
633.0,99.83813734085592
633.25,106.89586404798152
633.5,109.11214871473842
633.75,111.53485469060752
634.0,107.37374531298369
634.25,110.30185858284203
634.5,112.85202920452063
634.75,113.5634140776567
635.0,115.5501105767118
635.25,113.56482747884144
635.5,114.13759636501574
635.75,113.29222127221013
636.0,112.97544070037402
636.25,113.39058118742548
636.5,107.09805840038476
636.75,112.57928534213832
637.0,108.00282837815877
637.25,109.20382973037026
637.5,107.36777132068745
637.75,113.21882773838834
638.0,104.44162057011113
638.25,106.53388981027896
638.5,98.86798696948328
638.75,99.5026215292985
639.0,96.16996409778908
639.25,96.80700265543467
639.5,93.75141015528143
639.75,89.59418348736206
640.0,80.17375079664745
640.25,74.28567358770754
640.5,73.95895258795252
640.75,65.29667782508449
641.0,55.36340476971676
641.25,47.35639750921137
641.5,42.58690772250328
641.75,40.3572160765965
642.0,30.191290035774973
642.25,27.154088164277326
642.5,18.56193846174986
642.75,11.58578546461342
643.0,6.685348009415233
643.25,0.18291473012870507
643.5,1.297107388688429
643.75,0.3812713900809755
644.0,-0.8158266479844326
644.25,-0.9637751872343886
644.5,1.2663045571693656
644.75,2.83325978522328
645.0,-0.9911063155873504
645.25,1.005481160736943
645.5,1.3552800011117223
645.75,1.679402102580279
646.0,2.4563739663534383
646.25,0.9943504681243184
646.5,0.08271820186318887
646.75,1.410161995301936
647.0,0.30941283975992473
647.25,0.6241842724695326
647.5,-0.8332625915372465
647.75,2.158659010704834
648.0,2.721178510624338
648.25,3.534691574518741
648.5,-1.6081858112115415
648.75,-0.822702023079101
649.0,1.6214048974205866
649.25,0.2868911182926047
649.5,-1.913779734828926
649.75,1.038289928983819
650.0,2.0944111202357623
650.25,3.744692792163557
650.5,0.11025641407994845
650.75,3.586430306924629
651.0,2.5814826053477855
651.25,-0.8974929708546623
651.5,0.11340554441355666
651.75,-0.19649842039810733
652.0,3.46252370354304
652.25,-1.3308772526134907
652.5,-1.6680345998890966
652.75,2.5928240762555608
653.0,14.01144213764914
653.25,17.190988893434028
653.5,21.947424098790744
653.75,30.315210053852766
654.0,40.495832070358865
654.25,47.65785104579533
654.5,52.66428284757992
654.75,61.525740804854
655.0,70.47622939264195
655.25,68.74179329530324
655.5,76.26670428832941
655.75,79.33605090220853
656.0,87.80370060459059
656.25,94.28900147055577
656.5,96.19413238532066
656.75,97.80462168777676
657.0,98.77666223609832
657.25,106.70791543256682
657.5,109.37727357912017
657.75,109.50297445988164
658.0,108.18340309243553
658.25,111.92910657012393
658.5,113.3777985605649
658.75,114.13960077790077
659.0,114.74066002584102
659.25,112.94314596536259
659.5,115.12242904540894
659.75,111.91955011889759
660.0,113.60963897886597
660.25,113.78978826087145
660.5,106.44055113490154
660.75,109.60180893048283
661.0,111.18486315623531
661.25,108.54762014693115
661.5,110.68723584220947
661.75,112.81342481599641
662.0,105.1664532563968
662.25,111.01159482997708
662.5,97.42156263438625
662.75,97.98484509159091
663.0,99.55576057163755
663.25,95.14062545926735
663.5,92.29569761318626
663.75,87.51814093461391
664.0,80.08295713695131
664.25,73.28907924194468
664.5,72.45085587917342
664.75,64.06410956630091
665.0,53.221527180566866
665.25,47.597851081795284
665.5,42.03818003568983
665.75,38.48888449807879
666.0,31.578346021893456
666.25,26.803524044559452
666.5,15.889397694182044
666.75,10.674472805880905
667.0,5.192033257066892
667.25,-0.655743462432314
667.5,2.0613882785391278
667.75,1.4359781248017758
668.0,-0.46438039219544847
668.25,0.4851982314777071
668.5,-0.23961715543464693
668.75,1.8264047873952665
669.0,1.5657795312032543
669.25,0.5461418992011772
669.5,-0.3311745620919375
669.75,1.7935891595368072
670.0,3.229019070227384
670.25,-0.2215961699981027
670.5,0.9956348061178324
670.75,-0.690115541151946
671.0,-1.4855391595222738
671.25,0.14116901883264016
671.5,-1.7564767207463141
671.75,-0.23977101289359176
672.0,3.5381958500648745
672.25,0.911931243427361
672.5,-1.2794967959138979
672.75,-1.0320322451615775
673.0,0.3202013497908961
673.25,-0.36571678564620924
673.5,1.3991363816960873
673.75,0.9543483290916974
674.0,3.1334668706570836
674.25,2.47900612063073
674.5,0.5913218696684754
674.75,2.519741265590724
675.0,2.259738380312749
675.25,-1.112044254359201
675.5,1.9416293461497272
675.75,1.186142502118831
676.0,2.846215506009905
676.25,-0.17621305896197587
676.5,0.4003099083096733
676.75,-1.0924152208889044
677.0,14.916678668701605
677.25,17.469860908514505
677.5,23.75360638767392
677.75,31.700721881102574
678.0,40.42863044542529
678.25,45.58726633152128
678.5,53.29411034298918
678.75,59.93592016870233
679.0,71.27571932840277
679.25,69.58680446417348
679.5,75.76871578135017
679.75,78.03855619681046
680.0,88.53142578976701
680.25,95.7340643003546
680.5,93.1064473108414
680.75,96.51806554893113
681.0,99.00807691339553
681.25,106.37963885817283
681.5,108.38230924823817
681.75,110.31966385469781
682.0,110.08034375951242
682.25,110.65935334849502
682.5,111.06797907914932
682.75,111.63024117942605
683.0,116.79728771082813
683.25,112.69475940370211
683.5,114.43249768300562
683.75,112.10195562671836
684.0,112.07657594872548
684.25,113.64254410162623
684.5,109.86819331837671
684.75,111.95071656433673
685.0,108.88486664241194
685.25,109.35161572913614
685.5,108.21535897564479
685.75,111.55069343786509
686.0,105.89475897292995
686.25,109.7790109536024
686.5,99.52500163009742
686.75,99.41279434227113
687.0,98.10239470634833
687.25,96.71720011831854
687.5,92.7079000146406
687.75,87.71042167376845
688.0,78.19572253587782
688.25,74.35349064327244
688.5,73.70980560629285
688.75,62.416705950710224
689.0,54.868595448517105
689.25,48.629476806574864
689.5,43.13571113252069
689.75,40.789675432024076
690.0,31.30644176276685
690.25,25.067768104491606
690.5,15.755427110087593
690.75,11.834976616339636
691.0,4.669931024447506
691.25,-0.6940433238576419
691.5,-0.45102462925238784
691.75,1.752647554550939
692.0,0.8257136414253099
692.25,0.7698959812747644
692.5,0.9677253867794737
692.75,2.0376258039001636
693.0,-0.24432885517952907
693.25,-0.12628174793912325
693.5,1.0146756121256184
693.75,3.9743342825048487
694.0,2.5520673582178173
694.25,-0.46380044135143456
694.5,0.4654967741662798
694.75,-1.0108689178563175
695.0,1.504506718589227
695.25,-0.6610690958071401
695.5,0.5010854326224657
695.75,1.0659776297431345
696.0,2.6361221316243646
696.25,2.91616414099328
696.5,0.010802084856015158
696.75,-0.056441096887107134
697.0,-0.1931772794256461
697.25,-0.44948342976970423
697.5,1.479590373650935
697.75,-0.10853663268515668
698.0,1.8523976552057124
698.25,1.8170782094253366
698.5,1.2984627733808711
698.75,4.057330254068577
699.0,1.9628572049883939
699.25,-0.25752119890979147
699.5,1.6796148224204415
699.75,-0.643561124950648
700.0,2.3757368725760433
700.25,0.9698044873917454
700.5,0.8742776789190644
700.75,0.7871933032609654
701.0,13.758893997307569
701.25,17.69191705916772
701.5,25.53036687540042
701.75,29.078624203735753
702.0,40.78173230656052
702.25,45.35142985659929
702.5,52.80118202028901
702.75,59.50393626655726
703.0,70.74027707338486
703.25,68.8910891572292
703.5,74.73655379680798
703.75,78.58933518321403
704.0,86.89326794874802
704.25,95.22400421425914
704.5,95.59393097492747
704.75,97.18159317817376
705.0,98.05272091910449
705.25,107.04926739523007
705.5,109.96309560725952
705.75,109.45801250195866
706.0,108.24826139326764
706.25,111.80751706436187
706.5,114.07973974019642
706.75,114.85667178660213
707.0,113.40551303086984
707.25,115.65102611495138
707.5,113.54291102219997
707.75,113.48541186215203
708.0,113.99149680799229
708.25,112.88200452139885
708.5,107.90321750647925
708.75,110.45111189909642
709.0,110.2921344648366
709.25,108.93471392845508
709.5,110.24322123368141
709.75,113.40246061985738
710.0,104.70737398583901
710.25,109.71498234001602
710.5,99.05934534390813
710.75,100.61447298581159
711.0,97.60458376809173
711.25,94.92217178326194
711.5,91.7486818340398
711.75,87.4832377593849
712.0,80.6009936246489
712.25,75.21559949942447
712.5,72.47566567752433
712.75,65.04521325856874
713.0,55.59830546060626
713.25,48.54133402784171
713.5,41.56367109774531
713.75,41.49307658174061
714.0,31.939889653663794
714.25,26.810892701087525
714.5,15.949341610163904
714.75,10.056058972515432
715.0,3.743295497658185
715.25,0.6328683235572881
715.5,0.5869246587756302
715.75,3.0595312289968235
716.0,-1.086073582612479
716.25,-1.25738247498137
716.5,0.5101387156134412
716.75,2.990230921324057
717.0,0.06458965694322165
717.25,0.6097247763703527
717.5,-0.40130744074096647
717.75,0.6620819823980816
718.0,0.922539597780808
718.25,-1.895045849947881
718.5,0.11698023402388695
718.75,-2.2428276216104335
719.0,-1.3221959660874487
719.25,-0.537193794013418
719.5,-0.8312858359510763
719.75,0.3964085022070677
