time_h,PV_kw,gp_mean,gp_std,gp_lower,gp_upper
0.0,2.556070667173803,2.045382602844711,1.6250144150940014,-1.2046462273432916,5.295411433032713
0.25,1.7817100429331463,2.1660587860392297,1.6250144150939312,-1.0839700441486326,5.416087616227092
0.5,0.7504511958064572,0.8258881124243089,1.6250144150946308,-2.4241407177649528,4.075916942613571
0.75,0.9405647163912139,-0.06618255794387551,1.625014415094491,-3.3162113881328574,3.1838462722451064
1.0,-1.5675139791519803,-0.18573562400047194,1.6250144150946308,-3.4357644541897336,3.0642932061887898
1.25,-1.302179506862318,-0.6370543203984198,1.625014415094561,-3.8870831505875416,2.612974509790702
1.5,0.12784040316728537,-0.8063663240359347,1.6250144150947707,-4.056395154225476,2.443662506153607
1.75,-0.3162425923435822,0.5449301924604697,1.6250144150942112,-2.7050986377279527,3.794959022648892
2.0,2.6213927670841968,2.129884059240794,1.6250144150942811,-1.120144770947768,5.379912889429356
2.25,1.4803318787132649,2.1450929451448246,1.6250144150939312,-1.1049358850430377,5.3951217753326866
2.5,1.0774900675464767,1.6230473363702913,1.6250144150942112,-1.626981493818131,4.873076166558714
2.75,4.159515556333047,2.027222710938986,1.625014415094351,-1.2228061192497162,5.277251541127688
3.0,1.468558724317353,2.082923128746188,1.625014415094491,-1.167105701442794,5.33295195893517
3.25,1.1272412069680329,0.655025049449705,1.625014415094351,-2.595003780738997,3.905053879638407
3.5,1.5737616944995418,-0.20564025155181298,1.6250144150942811,-3.4556690817403752,3.0443885786367493
3.75,-0.8592924628832382,1.0357516480980848,1.6250144150938612,-2.2142771820896376,4.285780478285807
4.0,3.0041016880043165,1.7131068124108424,1.6250144150941412,-1.53692201777744,4.963135642599125
4.25,-0.9588826008289989,-0.35441557060403284,1.6250144150947707,-3.6044444007935743,2.8956132595855086
4.5,0.8784503013072725,-1.314008785861006,1.625014415094491,-4.564037616049988,1.936020044327976
4.75,1.7191772382255157,3.704850000409351,1.6250144150942811,0.45482117022078894,6.954878830597913
5.0,14.429558086670884,12.442692155666009,1.6250144150946308,9.192663325476747,15.69272098585527
5.25,16.90228536195037,19.171937652245106,1.6250144150940713,15.921908822056963,22.42196648243325
5.5,25.02677583940494,23.98968881321707,1.6250144150940713,20.73965998302893,27.239717643405214
5.75,30.839659886135944,30.93743019756039,1.6250144150942811,27.687401367371827,34.18745902774895
6.0,40.07507154482691,39.66682954499447,1.6250144150942112,36.41680071480605,42.91685837518289
6.25,46.375339637684206,46.9011006590481,1.625014415094351,43.65107182885939,50.1511294892368
6.5,53.96782219936791,53.31391186080327,1.625014415094351,50.06388303061457,56.56394069099198
6.75,60.23380874898558,61.26470360842359,1.625014415094421,58.01467477823475,64.51473243861243
7.0,71.57351802841774,68.59630674615619,1.625014415094351,65.34627791596749,71.84633557634488
7.25,69.8557060998963,71.96787396157924,1.6250144150940014,68.71784513139124,75.21790279176724
7.5,76.87099433730206,73.82377612178425,1.6250144150940713,70.5737472915961,77.07380495197239
7.75,78.71817573346,79.33472748737768,1.625014415094351,76.08469865718898,82.58475631756637
8.0,87.84348260453064,88.0273756383499,1.6250144150939312,84.77734680816204,91.27740446853775
8.25,93.63036187348848,94.28549183919563,1.6250144150940014,91.03546300900763,97.53552066938363
8.5,95.45703823035409,95.75507629808453,1.6250144150938612,92.50504746789682,99.00510512827225
8.75,97.46739116087197,96.41919346233135,1.6250144150939312,93.16916463214349,99.66922229251921
9.0,99.4795079577137,100.31842744028745,1.6250144150942112,97.06839861009902,103.56845627047588
9.25,105.91019276568339,105.91587540290675,1.625014415094351,102.66584657271805,109.16590423309545
9.5,108.46263553576136,109.07668118871607,1.6250144150939312,105.82665235852821,112.32671001890392
9.75,111.13980735822295,109.23656798432785,1.6250144150946308,105.98653915413858,112.48659681451711
10.0,108.98234231628896,109.36042866256685,1.625014415094421,106.11039983237801,112.61045749275569
10.25,112.46693797797744,111.0416928282898,1.625014415094351,107.7916639981011,114.2917216584785
10.5,111.57207937433947,113.053430836291,1.625014415094421,109.80340200610216,116.30345966647984
10.75,113.16433707265628,114.11384626008612,1.6250144150941412,110.86381742989784,117.3638750902744
11.0,115.18655523334077,114.16022480200854,1.6250144150942112,110.91019597182012,117.41025363219697
11.25,113.3757877059524,113.57946410949262,1.6250144150940713,110.32943527930448,116.82949293968076
11.5,115.32956552130149,113.13281091336648,1.6250144150942112,109.88278208317806,116.38283974355491
11.75,112.72833411659929,113.32292961910025,1.6250144150939312,110.07290078891239,116.57295844928811
12.0,113.69991239020047,113.14992466209196,1.6250144150941412,109.89989583190368,116.39995349228025
12.25,113.94527381772954,111.64656553432815,1.6250144150940713,108.39653670414,114.89659436451629
12.5,107.69906911133015,109.94284705627251,1.6250144150940713,106.69281822608437,113.19287588646066
12.75,111.18993386920103,109.22452209484072,1.6250144150940713,105.97449326465258,112.47455092502886
13.0,108.28064864034853,108.84481168332059,1.6250144150940014,105.59478285313259,112.09484051350859
13.25,108.38437040971715,108.7195817850843,1.6250144150940713,105.46955295489616,111.96961061527244
13.5,108.57650909401836,109.84202338202886,1.6250144150939312,106.591994551841,113.09205221221671
13.75,112.68818322846798,110.87976134068595,1.6250144150940713,107.6297325104978,114.12979017087409
14.0,104.60010580403863,108.96098688919665,1.6250144150940713,105.7109580590085,112.21101571938479
14.25,110.11385941819324,104.51897193798868,1.6250144150938612,101.26894310780096,107.7690007681764
14.5,97.61311826335628,100.77765321214974,1.6250144150937214,97.5276243819623,104.02768204233719
14.75,100.85093794608217,98.93220441976518,1.625014415094421,95.68217558957635,102.18223324995402
15.0,96.58630066873452,97.75490728111072,1.625014415094491,94.50487845092174,101.0049361112997
15.25,95.63254953467465,96.140778562778,1.6250144150946308,92.89074973258873,99.39080739296726
15.5,92.4791570423975,92.8941402969358,1.625014415094351,89.6441114667471,96.1441691271245
15.75,88.69028147642477,87.01881694630265,1.625014415094351,83.76878811611395,90.26884577649135
16.0,80.52602093578884,80.30254766703729,1.6250144150940713,77.05251883684915,83.55257649722543
16.25,75.03296268433036,75.51174315015169,1.6250144150940713,72.26171431996354,78.76177198033983
16.5,72.28207089480829,71.35739728386397,1.6250144150941412,68.10736845367569,74.60742611405226
16.75,63.15194244707981,64.33213071706496,1.6250144150940713,61.08210188687681,67.5821595472531
17.0,55.087811948098285,55.08247020681574,1.6250144150940713,51.8324413766276,58.332499037003885
17.25,48.106630786559556,47.615813690157665,1.6250144150942112,44.365784859969246,50.865842520346085
17.5,41.109876545950435,43.107870362002814,1.6250144150940713,39.85784153181467,46.357899192190956
17.75,38.78441271830159,38.97311327062425,1.6250144150942112,35.723084440435834,42.22314210081267
18.0,31.08145471869059,33.071101262165485,1.6250144150937913,29.821072431977903,36.321130092353066
18.25,27.181888248710315,25.666232769277485,1.6250144150940713,22.416203939089343,28.916261599465628
18.5,16.431372371841036,17.917224159028137,1.6250144150940014,14.667195328840135,21.16725298921614
18.75,11.636334652880397,10.597965012899294,1.6250144150940713,7.347936182711152,13.847993843087437
19.0,4.784682281636943,4.522093879520753,1.6250144150941412,1.2720650493324706,7.772122709709036
19.25,0.15853969107671423,0.8448552878053306,1.6250144150940014,-2.405173542382672,4.094884117993333
19.5,1.9959161066395872,-0.19594576622898785,1.6250144150938612,-3.4459745964167103,3.0540830639587346
19.75,-0.3093465397202384,-0.04894174671062501,1.6250144150941412,-3.2989705768989075,3.2010870834776575
20.0,0.45677523755741145,-0.04708533183293184,1.6250144150937913,-3.2971141620205144,3.2029434983546508
20.25,-0.6619259410666513,0.1300331482495949,1.6250144150939312,-3.1199956819382675,3.3800619784374573
20.5,-0.3630538465650718,0.8543227392956396,1.6250144150939312,-2.3957060908922228,4.1043515694835015
20.75,1.0791795483584325,1.1294767089684683,1.6250144150939312,-2.120552121219394,4.37950553915633
21.0,-1.1958396455890397,0.4517585611802133,1.6250144150939312,-2.798270269007649,3.7017873913680757
21.25,0.5244548369686602,0.1544056930183615,1.6250144150942112,-3.095623137170061,3.404434523206784
21.5,0.9728376365150193,1.1309105147515766,1.6250144150941412,-2.119118315436706,4.3809393449398595
21.75,1.3520876468175358,2.0848116216973267,1.6250144150937913,-1.165217208490256,5.33484045188491
22.0,2.476901985824284,1.603541572301765,1.6250144150940713,-1.6464872578863776,4.853570402489908
22.25,0.4465311760299441,0.2922741814877554,1.625014415094421,-2.9577546487010866,3.5423030116765974
22.5,0.6653851089727862,-0.3937231315842382,1.6250144150942112,-3.6437519617726606,2.856305698604184
22.75,-0.09848548450942361,-0.17457118730294496,1.6250144150942811,-3.424600017491507,3.0754576428856173
23.0,-0.42329831204415375,0.03968886756501888,1.6250144150947008,-3.2103399626243827,3.2897176977544205
23.25,-0.07971821090639905,-0.3597708612137467,1.6250144150941412,-3.609799691402029,2.890257968974536
23.5,-1.6873344339580298,-0.5955299839811232,1.6250144150939312,-3.8455588141689856,2.654498846206739
23.75,-1.4471124724230873,0.4571913843519724,1.6250144150949808,-2.792837445837989,3.707220214541934
24.0,0.9286539750649694,2.0453826028083313,1.6250144150946308,-1.2046462273809304,5.295411432997593
24.25,1.8244473215721602,2.166058786087433,1.625014415094351,-1.0839700441012692,5.416087616276135
24.5,0.3997742267234366,0.8258881124318123,1.6250144150951906,-2.424140717758569,4.075916942622193
24.75,-0.9054790553600608,-0.06618255792091077,1.625014415094491,-3.3162113881098927,3.183846272268071
25.0,0.0053586554624663885,-0.18573562403162214,1.6250144150950507,-3.4357644542217236,3.0642932061584793
25.25,1.2992282977860654,-0.6370543204109254,1.6250144150949108,-3.887083150600747,2.6129745097788963
25.5,-0.35626397106142593,-0.8063663240122878,1.6250144150946308,-4.0563951542015495,2.443662506176974
25.75,0.7375155684670865,0.5449301924763859,1.6250144150946308,-2.705098637712876,3.7949590226656476
26.0,1.7045762445786086,2.129884059244432,1.625014415094491,-1.1201447709445498,5.379912889433414
26.25,2.127938248419215,2.1450929451434604,1.6250144150946308,-1.1049358850458013,5.395121775332722
26.5,-0.7519299622269331,1.6230473363839337,1.6250144150946308,-1.626981493805328,4.873076166573195
26.75,3.0426905450035364,2.0272227109617234,1.6250144150947707,-1.2228061192278181,5.277251541151265
27.0,2.242836164213532,2.0829231286602408,1.6250144150948407,-1.1671057015294406,5.332951958849922
27.25,-1.7273204231923487,0.6550250494733518,1.6250144150946308,-2.59500378071591,3.9050538796626135
27.5,1.5406759957933536,-0.20564025153544208,1.6250144150946308,-3.4556690817247038,3.0443885786538196
27.75,0.2377356023322779,1.0357516481235507,1.625014415094351,-2.2142771820651515,4.285780478312253
28.0,2.0412009482250233,1.7131068123617297,1.625014415094561,-1.5369220178273921,4.963135642550851
28.25,-1.4460578543884546,-0.35441557058402395,1.6250144150948407,-3.6044444007737053,2.8956132596056574
28.5,0.07212950771386951,-1.31400878585373,1.6250144150949108,-4.564037616043551,1.9360200443360918
28.75,1.2396104401479662,3.7048500003929803,1.625014415094491,0.45482117020399837,6.954878830581962
29.0,14.847096661570848,12.442692155662371,1.6250144150948407,9.19266332547269,15.692720985852052
29.25,17.605067051877754,19.171937652243287,1.6250144150942112,15.921908822054863,22.42196648243171
29.5,25.406013392051825,23.989688813251632,1.625014415094491,20.73965998306265,27.239717643440613
29.75,30.754833740731723,30.937430197545837,1.6250144150947707,27.687401367356294,34.18745902773538
30.0,39.47990187436815,39.66682954496355,1.6250144150946308,36.41680071477428,42.91685837515281
30.25,46.90674882312876,46.90110065907902,1.625014415094421,43.65107182889018,50.15112948926786
30.5,53.65550969778632,53.31391186081237,1.6250144150946308,50.0638830306231,56.56394069100163
30.75,61.22755225986194,61.26470360841449,1.6250144150947707,58.01467477822495,64.51473243860403
31.0,71.99589666273633,68.59630674617438,1.6250144150946308,65.34627791598511,71.84633557636364
31.25,69.78175615603793,71.96787396154286,1.625014415094351,68.71784513135417,75.21790279173156
31.5,76.19264962765116,73.82377612181699,1.625014415094351,70.5737472916283,77.07380495200569
31.75,77.93582769552177,79.33472748739405,1.625014415094491,76.08469865720507,82.58475631758303
32.0,87.71597380085242,88.02737563838218,1.6250144150942112,84.77734680819376,91.27740446857061
32.25,93.51755866033083,94.28549183918108,1.625014415094561,91.03546300899195,97.5355206693702
32.5,94.45124900462282,95.75507629807544,1.6250144150942112,92.50504746788701,99.00510512826386
32.75,94.96173272059477,96.4191934623409,1.625014415094491,93.16916463215192,99.66922229252988
33.0,100.22860636218297,100.31842744027745,1.6250144150946308,97.06839861008818,103.56845627046671
33.25,106.52812654554715,105.91587540291675,1.625014415094491,102.66584657272777,109.16590423310573
33.5,107.81631045694995,109.07668118872061,1.6250144150942112,105.82665235853219,112.32671001890904
33.75,109.4736354891907,109.23656798435604,1.6250144150947707,105.98653915416651,112.48659681454558
34.0,108.55260199253571,109.3604286625332,1.6250144150946308,106.11039983234393,112.61045749272246
34.25,112.76191027756661,111.04169282830753,1.6250144150947707,107.791663998118,114.29172165849707
34.5,114.23431997331994,113.05343083627304,1.6250144150947008,109.80340200608363,116.30345966646244
34.75,115.84603821559689,114.11384626012841,1.625014415094491,110.86381742993943,117.36387509031739
35.0,115.48427885747603,114.16022480200763,1.625014415094491,110.91019597181865,117.41025363219661
35.25,112.16756098919153,113.57946410950353,1.625014415094561,110.32943527931441,116.82949293969266
35.5,112.32609046262198,113.13281091338922,1.625014415094491,109.88278208320024,116.3828397435782
35.75,112.77245003016844,113.32292961904704,1.625014415094491,110.07290078885806,116.57295844923603
36.0,112.20805773181824,113.14992466210606,1.625014415094491,109.89989583191708,116.39995349229504
36.25,113.46233748806097,111.64656553434543,1.6250144150942112,108.396536704157,114.89659436453385
36.5,106.79785291358034,109.94284705625796,1.625014415094421,106.69281822606912,113.1928758864468
36.75,110.4178547569461,109.22452209481526,1.6250144150946308,105.97449326462599,112.47455092500452
37.0,110.80378469099185,108.84481168335151,1.625014415094351,105.59478285316281,112.0948405135402
37.25,108.8610901935198,108.71958178507339,1.625014415094491,105.4695529548844,111.96961061526237
37.5,108.88824691127247,109.8420233820325,1.6250144150942811,106.59199455184392,113.09205221222106
37.75,112.29140732388551,110.87976134063865,1.625014415094491,107.62973251044967,114.12979017082763
38.0,103.20056511056096,108.96098688925122,1.625014415094351,105.71095805906252,112.21101571943991
38.25,108.13261019788551,104.51897193802506,1.6250144150942112,101.26894310783663,107.76900076821349
38.5,98.4251668282312,100.77765321206971,1.625014415094421,97.52762438188087,104.02768204225855
38.75,101.65058950507057,98.93220441976155,1.625014415094561,95.68217558957242,102.18223324995067
39.0,98.3994449618232,97.754907281138,1.6250144150947707,94.50487845094847,101.00493611132754
39.25,96.95017407568348,96.14077856278163,1.6250144150949808,92.89074973259167,99.3908073929716
39.5,91.81710837875335,92.89414029691943,1.6250144150947008,89.64411146673002,96.14416912710884
39.75,86.91911537864847,87.01881694629628,1.625014415094561,83.76878811610716,90.2688457764854
40.0,78.84967759376362,80.30254766704729,1.625014415094351,77.0525188368586,83.55257649723599
40.25,73.51438938459468,75.51174315013623,1.625014415094351,72.26171431994753,78.76177198032492
40.5,74.75926569949189,71.35739728384942,1.625014415094561,68.1073684536603,74.60742611403855
40.75,62.79290756051999,64.33213071708815,1.625014415094351,61.082101886899444,67.58215954727685
41.0,55.068325270577475,55.08247020687395,1.625014415094351,51.832441376685246,58.332499037062654
41.25,47.395007933354144,47.61581369013402,1.625014415094421,44.36578485994518,50.86584252032286
41.5,43.3171358821626,43.10787036198508,1.625014415094491,39.8578415317961,46.35789919217406
41.75,40.30265089841093,38.97311327062653,1.6250144150946308,35.72308444043726,42.22314210081579
42.0,31.844269107034112,33.071101262163666,1.6250144150941412,29.821072431975384,36.32113009235195
42.25,26.643964978521115,25.66623276927021,1.625014415094491,22.416203939081228,28.91626159945919
42.5,15.63415894034108,17.91722415901495,1.625014415094491,14.667195328825969,21.16725298920393
42.75,11.391921500294709,10.59796501288929,1.6250144150942811,7.347936182700728,13.847993843077852
43.0,4.756951447632697,4.522093879534168,1.625014415094561,1.2720650493450463,7.7721227097232894
43.25,-1.2256057637672482,0.8448552877807742,1.625014415094491,-2.4051735424082077,4.094884117969756
43.5,0.09238813835263127,-0.1959457662137538,1.625014415094491,-3.4459745964027357,3.054083063975228
43.75,0.17258791772211948,-0.04894174675632712,1.6250144150946308,-3.298970576945589,3.2010870834329346
44.0,1.579091256410435,-0.0470853317710862,1.6250144150940713,-3.297114161959229,3.2029434984170564
44.25,0.15999161357343825,0.13003314822503853,1.625014415094351,-3.1199956819636636,3.3800619784137407
44.5,-0.11863832610988256,0.8543227392992776,1.625014415094351,-2.3957060908894245,4.10435156948798
44.75,1.7467435819593047,1.1294767089839297,1.6250144150942112,-2.1205521212044927,4.379505539172352
45.0,1.3060017417068248,0.451758561184306,1.6250144150940713,-2.7982702690038366,3.7017873913724486
45.25,0.2568648575469347,0.15440569303427765,1.625014415094491,-3.0956231371547043,3.4044345232232596
45.5,1.031312745884006,1.1309105147417995,1.6250144150942811,-2.1191183154467628,4.380939344930361
45.75,2.4458822381497374,2.0848116217184725,1.6250144150939312,-1.16521720846939,5.334840451906334
46.0,2.4249117653799885,1.6035415723113147,1.625014415094351,-1.6464872578773875,4.853570402500017
46.25,1.535755991995992,0.2922741815043537,1.6250144150947707,-2.957754648685188,3.542303011693895
46.5,0.18323443722190613,-0.3937231315937879,1.625014415094351,-3.64375196178249,2.8563056985949142
46.75,-1.2244690317205003,-0.17457118731022092,1.625014415094491,-3.424600017499203,3.075457642878761
47.0,-1.368159199245665,0.039688867562745145,1.6250144150951207,-3.210339962627496,3.2897176977529865
47.25,1.6509279322312496,-0.3597708611737289,1.6250144150940713,-3.6097996913618715,2.8902579690144137
47.5,1.723665720783297,-0.5955299839715735,1.6250144150941412,-3.845558814159856,2.654498846216709
47.75,-0.17951921328260065,0.4571913843215043,1.6250144150950507,-2.792837445868597,3.7072202145116058
48.0,1.868166266283384,2.045382602843347,1.625014415094561,-1.204646227345775,5.295411433032468
48.25,4.2831384414158435,2.1660587860651503,1.625014415094421,-1.0839700441236917,5.416087616253993
48.5,-1.107045682043488,0.8258881124156687,1.6250144150949108,-2.424140717774153,4.07591694260549
48.75,-0.8947270189558264,-0.06618255793023309,1.6250144150942811,-3.3162113881187953,3.183846272258329
49.0,1.0268480041909005,-0.1857356240370791,1.6250144150949108,-3.435764454226901,3.0642932061527426
49.25,-0.3946051228595896,-0.6370543204075148,1.6250144150949108,-3.8870831505973364,2.612974509782307
49.5,-0.005121866720071296,-0.8063663240118331,1.6250144150950507,-4.056395154201935,2.4436625061782684
49.75,-0.16344289852451258,0.5449301924722931,1.625014415094561,-2.7050986377168287,3.794959022661415
50.0,2.975768473387419,2.1298840592562556,1.6250144150942811,-1.1201447709323067,5.379912889444817
50.25,3.7408576676005616,2.14509294512618,1.6250144150942112,-1.1049358850622424,5.395121775314602
50.5,0.28867699958539367,1.6230473363684723,1.625014415094491,-1.6269814938205096,4.873076166557454
50.75,4.025662414180957,2.0272227109844607,1.6250144150947707,-1.2228061192050808,5.277251541174002
51.0,-0.6476440742748857,2.0829231286538743,1.6250144150947707,-1.1671057015356672,5.332951958843416
51.25,-0.04871840193011795,0.6550250494833563,1.6250144150946308,-2.5950037807059054,3.905053879672618
51.5,0.2630220819546252,-0.20564025152725662,1.625014415094351,-3.4556690817159588,3.0443885786614455
51.75,-1.218813060423628,1.0357516481108178,1.6250144150942811,-2.2142771820777445,4.28578047829938
52.0,1.757198536993067,1.7131068123289879,1.625014415094351,-1.5369220178597143,4.96313564251769
52.25,-0.33412344070081207,-0.35441557054946315,1.6250144150947707,-3.6044444007390046,2.8956132596400783
52.5,0.9159025423560131,-1.3140087858664629,1.6250144150947707,-4.564037616056004,1.9360200443230786
52.75,0.44271043147220457,3.704850000407532,1.625014415094491,0.4548211702185503,6.954878830596514
53.0,14.645051942810563,12.442692155656914,1.6250144150947008,9.192663325467512,15.692720985846316
53.25,17.09904547302073,19.171937652241468,1.6250144150940713,15.921908822053325,22.42196648242961
53.5,23.476561406368948,23.989688813231623,1.625014415094491,20.739659983042642,27.239717643420605
53.75,31.99694719350935,30.937430197564026,1.625014415094491,27.687401367375045,34.18745902775301
54.0,41.04151480399394,39.666829544948996,1.625014415094351,36.41680071476029,42.9168583751377
54.25,48.064871295615184,46.901100659106305,1.6250144150942811,43.65107182891774,50.15112948929487
54.5,53.281007334564656,53.31391186080509,1.6250144150946308,50.06388303061583,56.56394069099436
54.75,59.1724220729508,61.26470360842359,1.625014415094491,58.01467477823461,64.51473243861257
55.0,70.93692659994126,68.59630674615437,1.625014415094491,65.34627791596539,71.84633557634335
55.25,69.66738188815964,71.9678739615556,1.6250144150942112,68.71784513136717,75.21790279174402
55.5,74.90592009488532,73.82377612179516,1.6250144150942112,70.57374729160674,77.07380495198359
55.75,78.04020267761125,79.33472748740132,1.6250144150946308,76.08469865721206,82.58475631759059
56.0,88.44621511523005,88.02737563836672,1.6250144150942112,84.7773468081783,91.27740446855515
56.25,94.67236293187527,94.28549183918926,1.625014415094491,91.03546300900028,97.53552066937824
56.5,97.35853284531251,95.75507629805475,1.6250144150942811,92.50504746786618,99.00510512824331
56.75,98.21526347943275,96.419193462355,1.6250144150942811,93.16916463216643,99.66922229254357
57.0,98.74021206480975,100.31842744030018,1.625014415094351,97.06839861011149,103.56845627048888
57.25,106.46296588109675,105.91587540289584,1.625014415094421,102.665846572707,109.16590423308467
57.5,107.82367474961559,109.0766811887479,1.6250144150939312,105.82665235856004,112.32671001893576
57.75,109.89850755643477,109.23656798433603,1.6250144150947707,105.9865391541465,112.48659681452557
58.0,108.55469314867585,109.3604286625432,1.625014415094561,106.11039983235408,112.61045749273232
58.25,113.12963733056047,111.04169282827661,1.625014415094351,107.79166399808791,114.2917216584653
58.5,111.50850524388456,113.05343083628577,1.625014415094351,109.80340200609707,116.30345966647447
58.75,112.27802930952177,114.11384626011863,1.625014415094351,110.86381742992994,117.36387509030733
59.0,112.92258039446138,114.16022480198762,1.625014415094421,110.91019597179879,117.41025363217646
59.25,112.99443318867849,113.57946410951718,1.6250144150942112,110.32943527932875,116.8294929397056
59.5,113.39572233149373,113.13281091341196,1.625014415094351,109.88278208322326,116.38283974360066
59.75,111.97529914045853,113.3229296190334,1.6250144150940713,110.07290078884526,116.57295844922155
60.0,112.14413804896098,113.14992466210242,1.6250144150942112,109.899895831914,116.39995349229085
60.25,113.7834321939881,111.6465655343568,1.6250144150942112,108.39653670416837,114.89659436454522
60.5,105.65222132128352,109.94284705624523,1.6250144150941412,106.69281822605694,113.19287588643351
60.75,109.09160039797149,109.22452209482071,1.6250144150942112,105.97449326463229,112.47455092500914
61.0,111.8670515722325,108.84481168334969,1.625014415094351,105.59478285316099,112.09484051353839
61.25,107.41661904480043,108.71958178505884,1.625014415094351,105.46955295487014,111.96961061524753
61.5,107.95009616985652,109.84202338207615,1.6250144150940713,106.591994551888,113.09205221226429
61.75,115.16397460503264,110.879761340595,1.625014415094351,107.6297325104063,114.12979017078369
62.0,107.78031522450573,108.9609868892694,1.625014415094421,105.71095805908057,112.21101571945825
62.25,107.4473514781335,104.5189719379996,1.6250144150942112,101.26894310781117,107.76900076818802
62.5,98.11070042226149,100.77765321208062,1.6250144150942811,97.52762438189205,104.02768204226919
62.75,100.2242151424312,98.93220441974336,1.6250144150946308,95.68217558955409,102.18223324993262
63.0,99.99786808475591,97.75490728118712,1.6250144150949108,94.5048784509973,101.00493611137694
63.25,94.98057748623218,96.1407785627398,1.6250144150947707,92.89074973255026,99.39080739292933
63.5,92.07112613135038,92.89414029693944,1.6250144150947008,89.64411146675003,96.14416912712885
63.75,88.88139672112723,87.0188169463081,1.6250144150946308,83.76878811611884,90.26884577649737
64.0,80.24956043046261,80.3025476670382,1.625014415094351,77.0525188368495,83.5525764972269
64.25,73.86345937790033,75.51174315014623,1.625014415094351,72.26171431995753,78.76177198033493
64.5,72.49697300254068,71.35739728384306,1.625014415094351,68.10736845365436,74.60742611403175
64.75,62.2393984313744,64.3321307170836,1.625014415094421,61.08210188689476,67.58215954727244
65.0,53.99166232286647,55.0824702068594,1.6250144150941412,51.83244137667111,58.33249903704768
65.25,48.03154762143222,47.61581369013447,1.625014415094351,44.36578485994577,50.86584252032318
65.5,42.61773275891461,43.107870361998266,1.625014415094351,39.85784153180956,46.35789919218697
65.75,39.36237271348605,38.97311327063949,1.625014415094491,35.723084440450506,42.22314210082847
66.0,32.47244552723734,33.071101262175944,1.6250144150942112,29.82107243198752,36.32113009236436
66.25,27.697443322476378,25.66623276926157,1.6250144150942811,22.416203939073007,28.91626159945013
66.5,16.444375963438937,17.91722415901586,1.6250144150940713,14.667195328827717,21.167252989204002
66.75,11.297605707211833,10.597965012893837,1.6250144150942112,7.347936182705415,13.84799384308226
67.0,5.265090275551344,4.522093879520071,1.625014415094421,1.2720650493312289,7.772122709708913
67.25,8.439309141418043e-05,0.8448552877835027,1.6250144150941412,-2.4051735424047798,4.094884117971786
67.5,0.6487676791294031,-0.19594576620147564,1.6250144150942811,-3.445974596390038,3.0540830639870866
67.75,0.316494261673308,-0.04894174676314833,1.625014415094351,-3.2989705769518505,3.201087083425554
68.0,-0.09728659841348947,-0.04708533178086327,1.6250144150939312,-3.2971141619687256,3.202943498406999
68.25,2.093168308930595,0.1300331482339061,1.6250144150940713,-3.1199956819542365,3.3800619784220487
68.5,1.5733549024752425,0.8543227392713106,1.625014415094491,-2.3957060909176713,4.104351569460293
68.75,1.8467639949132626,1.1294767089902962,1.6250144150940713,-2.1205521211978464,4.379505539178439
69.0,-0.7630572096947675,0.451758561191582,1.6250144150941412,-2.7982702689967005,3.7017873913798645
69.25,-1.0749291158003396,0.15440569302359108,1.625014415094351,-3.095623137165111,3.4044345232122932
69.5,2.6333829298066083,1.13091051473657,1.625014415094421,-2.119118315452272,4.380939344925412
69.75,1.6023427532369867,2.0848116217264305,1.6250144150936514,-1.1652172084608723,5.334840451913733
70.0,2.4762987303099857,1.6035415722910784,1.625014415094421,-1.6464872578977636,4.853570402479921
70.25,-1.7445859869741926,0.29227418150367157,1.6250144150949108,-2.95775464868615,3.5423030116934933
70.5,0.9274384815581808,-0.39372313157787175,1.6250144150942811,-3.643751961766434,2.8563056986106905
70.75,0.45442033821436295,-0.17457118731658738,1.625014415094491,-3.4246000175055693,3.0754576428723945
71.0,-1.110430684414478,0.0396888675527407,1.6250144150949808,-3.210339962637221,3.2897176977427023
71.25,-0.47152480744994896,-0.3597708611773669,1.6250144150939312,-3.6097996913652293,2.8902579690104955
71.5,0.2637172043565196,-0.5955299839711188,1.6250144150939312,-3.845558814158981,2.6544988462167436
71.75,0.05246679835624363,0.45719138432468753,1.6250144150947707,-2.792837445864854,3.707220214514229
72.0,1.9591824016158168,2.0453826028578987,1.625014415094351,-1.2046462273308034,5.295411433046601
72.25,2.718205881107681,2.1660587860615124,1.6250144150942112,-1.08397004412691,5.416087616249935
72.5,-0.25197737820688537,0.8258881124165782,1.6250144150950507,-2.4241407177735232,4.07591694260668
72.75,0.15256251210246857,-0.06618255794774086,1.6250144150942811,-3.316211388136303,3.1838462722408214
73.0,1.8550131824950131,-0.18573562403162214,1.6250144150950507,-3.4357644542217236,3.0642932061584793
73.25,-2.5666584409312976,-0.637054320403422,1.6250144150947707,-3.8870831505929635,2.6129745097861194
73.5,-0.23685026450968424,-0.8063663239945527,1.6250144150951207,-4.056395154184794,2.4436625061956887
73.75,0.17651242137244696,0.5449301924745669,1.625014415094491,-2.705098637714415,3.794959022663549
74.0,2.934187914275585,2.1298840592453416,1.625014415094491,-1.1201447709436403,5.3799128894343236
74.25,1.9614612249655552,2.1450929451234515,1.6250144150942811,-1.1049358850651108,5.395121775312013
74.5,-1.5586296897949345,1.6230473363839337,1.6250144150946308,-1.626981493805328,4.873076166573195
74.75,3.7097191046182085,2.0272227109471714,1.6250144150946308,-1.2228061192420903,5.277251541136433
75.0,3.1298782409203216,2.082923128675702,1.6250144150946308,-1.1671057015135595,5.332951958864964
75.25,-1.5338614049161376,0.6550250494756256,1.625014415094491,-2.5950037807133564,3.9050538796646075
75.5,1.9700803659456847,-0.20564025150997622,1.625014415094491,-3.455669081698958,3.0443885786790057
75.75,-0.3285252231228939,1.0357516481180937,1.6250144150942811,-2.2142771820704685,4.2857804783066555
76.0,2.5740265580929704,1.713106812323531,1.625014415094351,-1.5369220178651712,4.963135642512233
76.25,-1.052898510703949,-0.3544155705603771,1.6250144150948407,-3.6044444007500585,2.8956132596293043
76.5,-0.33445617235587666,-1.314008785851911,1.6250144150946308,-4.564037616041173,1.9360200443373508
76.75,3.069147743910727,3.7048500003620575,1.625014415094351,0.4548211701733553,6.95487883055076
77.0,15.197075692203851,12.442692155695113,1.6250144150947707,9.19266332550557,15.692720985884655
77.25,19.315526511764254,19.171937652248744,1.6250144150942112,15.92190882206032,22.421966482437167
77.5,24.981646389708605,23.98968881323526,1.625014415094491,20.73965998304628,27.239717643424243
77.75,31.433276047134324,30.937430197565845,1.625014415094421,27.687401367377003,34.187459027754684
78.0,42.24733389315781,39.66682954495445,1.625014415094351,36.41680071476575,42.91685837514316
78.25,47.16646634691074,46.90110065907538,1.625014415094421,43.65107182888654,50.15112948926422
78.5,54.26350119061161,53.31391186082692,1.6250144150946308,50.063883030637655,56.563940691016185
78.75,59.57179373108679,61.264703608410855,1.6250144150946308,58.01467477822159,64.51473243860012
79.0,71.22733123268095,68.59630674616346,1.625014415094491,65.34627791597448,71.84633557635244
79.25,68.72746127358813,71.96787396156651,1.625014415094351,68.71784513137781,75.21790279175521
79.5,75.71893067102646,73.82377612178789,1.625014415094351,70.57374729159919,77.07380495197658
79.75,77.94628712672974,79.33472748739132,1.6250144150947707,76.08469865720178,82.58475631758085
80.0,89.13807567601982,88.02737563837809,1.625014415094351,84.77734680818939,91.27740446856679
80.25,94.2534835442312,94.2854918391638,1.625014415094491,91.03546300897482,97.53552066935278
80.5,96.01230590124591,95.75507629807657,1.6250144150942112,92.50504746788815,99.005105128265
80.75,97.08928785688234,96.41919346234044,1.6250144150940713,93.1691646321523,99.66922229252859
81.0,101.41410157301537,100.31842744029836,1.625014415094351,97.06839861010967,103.56845627048706
81.25,107.48112393378457,105.91587540290038,1.6250144150946308,102.66584657271112,109.16590423308965
81.5,107.71507649579937,109.07668118874244,1.6250144150942112,105.82665235855401,112.32671001893087
81.75,110.42226139750005,109.23656798435695,1.6250144150947707,105.98653915416742,112.48659681454649
82.0,107.0670809524907,109.36042866252319,1.625014415094561,106.11039983233407,112.61045749271231
82.25,111.40550386730597,111.04169282829571,1.625014415094491,107.79166399810673,114.29172165848469
82.5,113.74881751490489,113.05343083629441,1.625014415094491,109.80340200610543,116.30345966648339
82.75,113.56970956048725,114.11384626012114,1.625014415094491,110.86381742993215,117.36387509031012
83.0,114.37093899562129,114.16022480197717,1.625014415094491,110.91019597178818,117.41025363216615
83.25,112.14338174278299,113.5794641095199,1.625014415094351,110.32943527933121,116.8294929397086
83.5,114.49091883622955,113.13281091339286,1.625014415094421,109.88278208320402,116.3828397435817
83.75,111.28817841844348,113.32292961904523,1.6250144150942811,110.07290078885666,116.5729584492338
84.0,112.34985854973199,113.14992466211606,1.625014415094351,109.89989583192737,116.39995349230476
84.25,114.1897042197919,111.64656553434997,1.625014415094351,108.39653670416128,114.89659436453867
84.5,108.56526174874685,109.94284705623977,1.6250144150942112,106.69281822605134,113.1928758864282
84.75,111.16740711558693,109.2245220948098,1.625014415094491,105.97449326462082,112.47455092499878
85.0,107.4465149516061,108.84481168339698,1.625014415094351,105.59478285320829,112.09484051358568
85.25,109.00840835510472,108.71958178503701,1.625014415094351,105.46955295484831,111.9696106152257
85.5,109.11891532154374,109.84202338205796,1.6250144150940713,106.59199455186982,113.0920522122461
85.75,113.740951362084,110.87976134060227,1.625014415094421,107.62973251041343,114.12979017079111
86.0,106.49145773691653,108.96098688925849,1.625014415094351,105.7109580590698,112.21101571944719
86.25,106.5556798301541,104.51897193799232,1.6250144150942811,101.26894310780375,107.76900076818089
86.5,97.88784595385842,100.77765321207698,1.6250144150942112,97.52762438188856,104.02768204226541
86.75,100.47356591428405,98.93220441976882,1.6250144150947707,95.68217558957929,102.18223324995836
87.0,96.68757604089637,97.7549072811762,1.6250144150947707,94.50487845098667,101.00493611136574
87.25,97.44338361271393,96.1407785627598,1.6250144150949108,92.89074973256999,99.39080739294963
87.5,92.68476058999315,92.89414029689033,1.6250144150946308,89.64411146670106,96.14416912707959
87.75,88.9506431309089,87.01881694634176,1.6250144150946308,83.76878811615249,90.26884577653102
88.0,79.24385069447419,80.30254766702001,1.625014415094491,77.05251883683103,83.55257649720899
88.25,75.05337913909663,75.51174315015896,1.625014415094491,72.26171431996998,78.76177198034794
88.5,73.69926752304576,71.35739728385215,1.625014415094421,68.10736845366331,74.60742611404099
88.75,63.84717225988155,64.33213071708269,1.625014415094351,61.08210188689399,67.58215954727139
89.0,54.464236959539825,55.082470206862126,1.625014415094351,51.83244137667342,58.33249903705083
89.25,48.5682783507229,47.615813690120376,1.625014415094351,44.36578485993167,50.86584252030908
89.5,41.52221760454898,43.10787036199599,1.625014415094491,39.85784153180701,46.35789919218497
89.75,39.77017125206471,38.97311327062221,1.6250144150946308,35.72308444043294,42.22314210081147
90.0,31.848384472239843,33.071101262192315,1.6250144150942112,29.82107243200389,36.321130092380734
90.25,27.068121369010044,25.666232769263388,1.6250144150941412,22.416203939075107,28.91626159945167
90.5,17.288770882680765,17.917224159007674,1.6250144150940713,14.667195328819531,21.167252989195816
90.75,9.887313216834219,10.59796501290839,1.625014415094351,7.347936182719687,13.847993843097091
91.0,5.0869258976539,4.522093879524846,1.625014415094351,1.2720650493361436,7.772122709713548
91.25,1.4814555476589732,0.8448552877728162,1.625014415094351,-2.405173542415886,4.094884117961518
91.5,0.6267374838596864,-0.19594576620988846,1.625014415094351,-3.4459745963985906,3.0540830639788137
91.75,-0.8222500172903203,-0.048941746741093084,1.625014415094491,-3.298970576930075,3.201087083447889
92.0,0.20230619183119358,-0.04708533178336438,1.6250144150938612,-3.297114161971087,3.202943498404358
92.25,0.8443851904853201,0.13003314823754408,1.6250144150942112,-3.1199956819508783,3.3800619784259665
92.5,0.01142605556065933,0.8543227392690369,1.625014415094491,-2.395706090919945,4.104351569458019
92.75,2.7898780327937507,1.1294767089789275,1.6250144150942112,-2.120552121209495,4.37950553916735
93.0,0.8567939825665268,0.451758561187944,1.6250144150942112,-2.7982702690004784,3.7017873913763664
93.25,0.8793024230731402,0.15440569302245422,1.625014415094421,-3.095623137166388,3.4044345232112962
93.5,1.9963564780418364,1.1309105147308856,1.625014415094351,-2.1191183154578166,4.380939344919588
93.75,3.667246628435933,2.0848116217391635,1.6250144150941412,-1.165217208449119,5.334840451927446
94.0,1.7909936380523308,1.603541572303584,1.6250144150946308,-1.6464872578856777,4.853570402492846
94.25,-2.003522292066514,0.2922741815068548,1.6250144150949108,-2.957754648682967,3.5423030116966765
94.5,1.604254361517141,-0.3937231316058387,1.625014415094351,-3.643751961794541,2.8563056985828634
94.75,-0.45769943095682564,-0.17457118728930254,1.625014415094421,-3.4246000174781446,3.0754576428995395
95.0,0.10788044434303304,0.03968886757047585,1.6250144150951906,-3.2103399626199054,3.289717697760857
95.25,1.309550684860527,-0.3597708611832786,1.6250144150940713,-3.609799691371421,2.890257969004864
95.5,-1.6022595410589253,-0.5955299839606596,1.6250144150940713,-3.845558814148802,2.654498846227483
95.75,-1.2516472141061394,0.4571913843265065,1.6250144150949808,-2.792837445863455,3.707220214516468
96.0,0.6500756503005181,2.0453826028565345,1.625014415094561,-1.2046462273325873,5.295411433045656
96.25,2.027557859148218,2.16605878605651,1.6250144150940713,-1.0839700441316324,5.416087616244653
96.5,0.43963660601699356,0.8258881123956598,1.6250144150950507,-2.4241407177944416,4.075916942585762
96.75,0.524187842812771,-0.06618255792682248,1.625014415094351,-3.3162113881155246,3.1838462722618797
97.0,0.6597953888304098,-0.18573562402480093,1.6250144150949108,-3.4357644542146226,3.0642932061650208
97.25,-1.4127658838923665,-0.6370543204282058,1.6250144150949108,-3.8870831506180274,2.612974509761616
97.5,-2.310103436632644,-0.8063663239881862,1.6250144150949808,-4.056395154178148,2.4436625062017754
97.75,0.054353585390382264,0.5449301924800238,1.625014415094491,-2.705098637708958,3.7949590226690058
98.0,2.1664178909501497,2.129884059253527,1.625014415094351,-1.120144770935175,5.379912889442229
98.25,2.7927615780034567,2.145092945131637,1.625014415094351,-1.1049358850570652,5.395121775320339
98.5,0.9000457189049182,1.6230473363748388,1.6250144150946308,-1.626981493814423,4.8730761665641005
98.75,3.519965052962781,2.027222710958995,1.6250144150947707,-1.2228061192305466,5.277251541148536
99.0,2.1626611121319907,2.0829231286679715,1.625014415094491,-1.1671057015210105,5.332951958856953
99.25,0.22921137411506842,0.6550250494738066,1.6250144150946308,-2.595003780715455,3.9050538796630683
99.5,1.636317057848963,-0.2056402515308946,1.6250144150946308,-3.4556690817201563,3.044388578658367
99.75,-0.7046732628698824,1.0357516481235507,1.625014415094351,-2.2142771820651515,4.285780478312253
100.0,2.4557394900903593,1.7131068123489968,1.625014415094351,-1.5369220178397054,4.963135642537699
100.25,0.19677609665695725,-0.354415570571291,1.625014415094491,-3.604444400760273,2.895613259617691
100.5,0.8205284754174188,-1.314008785839178,1.6250144150947707,-4.5640376160287195,1.9360200443503635
100.75,1.3753619769871965,3.7048500003711524,1.625014415094351,0.4548211701824503,6.954878830559855
101.0,15.135587705948257,12.442692155673285,1.6250144150946308,9.192663325484023,15.692720985862547
101.25,17.317376114438932,19.171937652248744,1.6250144150942112,15.92190882206032,22.421966482437167
101.5,23.686692333402778,23.989688813224348,1.625014415094561,20.739659983035224,27.23971764341347
101.75,31.82370841022882,30.93743019759495,1.625014415094561,27.687401367405826,34.18745902778407
102.0,38.51033899593586,39.66682954494354,1.625014415094421,36.4168007147547,42.91685837513238
102.25,45.431000860097676,46.90110065909175,1.625014415094561,43.65107182890263,50.151129489280876
102.5,51.95332761637174,53.31391186081055,1.6250144150946308,50.063883030621284,56.563940690999814
102.75,57.534748564773196,61.264703608409036,1.625014415094421,58.0146747782202,64.51473243859787
103.0,70.48252097666658,68.59630674615619,1.6250144150946308,65.34627791596692,71.84633557634545
103.25,70.17431899661615,71.96787396156833,1.6250144150942112,68.7178451313799,75.21790279175676
103.5,74.44446267004903,73.82377612180608,1.6250144150941412,70.57374729161779,77.07380495199436
103.75,79.32238083178646,79.3347274873804,1.6250144150946308,76.08469865719114,82.58475631756967
104.0,89.44494283031295,88.02737563840674,1.6250144150942112,84.77734680821831,91.27740446859517
104.25,95.77182073400405,94.28549183914447,1.625014415094491,91.03546300895549,97.53552066933345
104.5,94.77192087305245,95.75507629809272,1.6250144150941412,92.50504746790443,99.005105128281
104.75,97.69200475772048,96.41919346233817,1.6250144150942112,93.16916463214974,99.6692222925266
105.0,99.68558207380268,100.31842744030928,1.625014415094421,97.06839861012044,103.56845627049812
105.25,105.91295101881846,105.91587540287674,1.625014415094491,102.66584657268776,109.16590423306572
105.5,108.69271639925387,109.07668118873698,1.6250144150940713,105.82665235854884,112.32671001892513
105.75,109.00867805783324,109.23656798435604,1.6250144150946308,105.98653915416678,112.48659681454531
106.0,107.35095429135187,109.36042866252956,1.625014415094491,106.11039983234058,112.61045749271854
106.25,111.56576702159781,111.04169282829207,1.625014415094561,107.79166399810295,114.2917216584812
106.5,113.04117410100676,113.05343083627804,1.625014415094421,109.8034020060892,116.30345966646688
106.75,114.65294558075554,114.11384626013364,1.6250144150942112,110.86381742994521,117.36387509032207
107.0,113.687687908823,114.16022480198444,1.625014415094491,110.91019597179546,117.41025363217342
107.25,113.54992657748332,113.57946410952081,1.6250144150942811,110.32943527933224,116.82949293970938
107.5,113.41759280419576,113.13281091341105,1.625014415094351,109.88278208322235,116.38283974359975
107.75,112.9794356562878,113.32292961904204,1.6250144150942811,110.07290078885347,116.57295844923061
108.0,112.88991217644084,113.14992466208923,1.6250144150940713,109.89989583190109,116.39995349227738
108.25,112.04678892239312,111.64656553435043,1.6250144150940713,108.39653670416229,114.89659436453857
108.5,108.33824670420864,109.94284705625614,1.6250144150942112,106.69281822606771,113.19287588644457
108.75,109.95364493055375,109.22452209479161,1.6250144150942112,105.97449326460318,112.47455092498004
109.0,109.20390422183065,108.84481168340062,1.6250144150941412,105.59478285321234,112.0948405135889
109.25,107.63428921478477,108.71958178503701,1.625014415094491,105.46955295484803,111.96961061522599
109.5,108.39259847162361,109.84202338208343,1.6250144150941412,106.59199455189514,113.09205221227171
109.75,113.75495151740624,110.87976134060955,1.625014415094421,107.62973251042071,114.12979017079839
110.0,104.6860037143289,108.96098688925485,1.625014415094351,105.71095805906616,112.21101571944355
110.25,108.94758010924133,104.51897193799232,1.625014415094491,101.26894310780334,107.7690007681813
110.5,98.84087123297837,100.77765321207698,1.6250144150942112,97.52762438188856,104.02768204226541
110.75,101.20332124701886,98.93220441975063,1.6250144150946308,95.68217558956137,102.1822332499399
111.0,97.92638428948594,97.75490728116347,1.6250144150947008,94.50487845097406,101.00493611135288
111.25,94.49057674781469,96.14077856279982,1.6250144150949108,92.89074973261,99.39080739298964
111.5,93.38362639386447,92.89414029690306,1.6250144150946308,89.6441114667138,96.14416912709233
111.75,87.77257097296824,87.01881694632539,1.6250144150947008,83.76878811613598,90.2688457765148
112.0,80.92938680057337,80.30254766702092,1.625014415094491,77.05251883683194,83.5525764972099
112.25,74.6229925623129,75.51174315013759,1.625014415094351,72.2617143199489,78.76177198032629
112.5,72.49965843685338,71.35739728385761,1.625014415094491,68.10736845366863,74.60742611404659
112.75,63.96307013379068,64.33213071705813,1.625014415094421,61.082101886869296,67.58215954724697
113.0,56.18084862696743,55.082470206875314,1.6250144150942811,51.83244137668675,58.332499037063876
113.25,50.374915640494926,47.61581369012265,1.625014415094491,44.36578485993367,50.86584252031163
113.5,42.45494400442114,43.10787036200054,1.625014415094491,39.85784153181156,46.35789919218952
113.75,40.077890525622145,38.97311327062289,1.6250144150947707,35.72308444043335,42.22314210081243
114.0,33.07714716215859,33.071101262175944,1.6250144150940713,29.8210724319878,36.321130092364086
114.25,25.839066471889204,25.666232769291128,1.625014415094421,22.416203939102285,28.91626159947997
114.5,16.622017008388728,17.917224159000398,1.6250144150942811,14.667195328811836,21.16725298918896
114.75,10.919986450858772,10.597965012911573,1.6250144150942112,7.34793618272315,13.847993843099996
115.0,5.52584313943103,4.522093879517342,1.625014415094351,1.2720650493286403,7.772122709706045
115.25,-0.8333688059494058,0.8448552877785005,1.625014415094351,-2.4051735424102016,4.094884117967203
115.5,-0.2192417806367184,-0.1959457662208024,1.6250144150942811,-3.4459745964093647,3.05408306396776
115.75,-2.0729834359912918,-0.048941746746777426,1.6250144150942811,-3.2989705769353397,3.201087083441785
116.0,-1.1173841129896078,-0.04708533178563812,1.6250144150940713,-3.2971141619737807,3.2029434984025045
116.25,-0.458675284939333,0.13003314823095025,1.625014415094351,-3.119995681957752,3.3800619784196524
116.5,-0.2931915866487618,0.854322739288591,1.625014415094421,-2.395706090900251,4.1043515694774335
116.75,3.398148604786279,1.1294767089771085,1.6250144150940713,-2.120552121211034,4.379505539165251
117.0,1.1059933699072981,0.45175856118476077,1.6250144150942112,-2.7982702690036616,3.701787391373183
117.25,-0.9246087601585489,0.15440569303245866,1.625014415094491,-3.0956231371565233,3.4044345232214406
117.5,1.7899484291687,1.130910514725656,1.6250144150942112,-2.1191183154627664,4.380939344914078
117.75,0.9325152917395232,2.0848116217227926,1.6250144150940014,-1.1652172084652102,5.334840451910795
118.0,1.71179148887828,1.6035415723167716,1.625014415094491,-1.6464872578722103,4.853570402505754
118.25,0.18532564941538202,0.29227418151072015,1.6250144150949108,-2.9577546486791015,3.542303011700542
118.5,0.6191711169753933,-0.3937231316256202,1.6250144150942112,-3.6437519618140426,2.856305698562802
118.75,-0.33925848388401536,-0.17457118729589638,1.6250144150946308,-3.424600017485158,3.0754576428933653
119.0,1.0638515327343585,0.03968886756047141,1.6250144150950507,-3.21033996262963,3.289717697750573
119.25,-1.141938226142404,-0.3597708611850976,1.6250144150940014,-3.6097996913731003,2.890257969002905
119.5,0.006339062362268442,-0.5955299839915824,1.6250144150941412,-3.845558814179865,2.6544988461967
119.75,2.5976737265958323,0.4571913843519724,1.6250144150952606,-2.7928374458385488,3.7072202145424935
120.0,2.474433330044647,2.0453826028551703,1.625014415094421,-1.2046462273336718,5.295411433044013
120.25,4.254908655779815,2.1660587860651503,1.625014415094491,-1.0839700441238316,5.416087616254132
120.5,0.09152017817320818,0.8258881124090749,1.6250144150951906,-2.4241407177813064,4.075916942599456
120.75,0.5807770953297967,-0.06618255794433026,1.625014415094491,-3.316211388133312,3.1838462722446517
121.0,0.32673801510916456,-0.1857356240241188,1.6250144150951207,-3.43576445421436,3.0642932061661226
121.25,-0.17040758116420443,-0.6370543204216119,1.6250144150950507,-3.8870831506117134,2.6129745097684896
121.5,-0.7794823967254196,-0.8063663240031929,1.6250144150950507,-4.056395154193295,2.4436625061869086
121.75,0.4303013589575532,0.5449301924818428,1.6250144150947707,-2.7050986377076986,3.7949590226713843
122.0,1.7866567354027176,2.1298840592298802,1.625014415094351,-1.120144770958822,5.379912889418582
122.25,2.998961042600274,2.1450929451416414,1.625014415094491,-1.1049358850473405,5.395121775330623
122.5,1.283379097129558,1.6230473363884812,1.6250144150946308,-1.6269814938007805,4.873076166577743
122.75,3.7482550281413287,2.027222710951719,1.6250144150950507,-1.2228061192383826,5.277251541141821
123.0,1.116279293200445,2.0829231286861614,1.625014415094561,-1.1671057015029604,5.332951958875283
123.25,0.4539655793086961,0.6550250494879037,1.6250144150946308,-2.595003780701358,3.9050538796771654
123.5,0.7975792967010837,-0.205640251549994,1.6250144150949108,-3.4556690817398157,3.0443885786398277
123.75,0.9355471254651493,1.0357516480962659,1.625014415094351,-2.2142771820924363,4.285780478284968
124.0,0.8039448197066941,1.7131068123708246,1.6250144150946308,-1.536922017818437,4.963135642560086
124.25,-0.3356073681186462,-0.3544155705949379,1.6250144150949108,-3.6044444007847596,2.895613259594884
124.5,-1.9908119951239978,-1.314008785831902,1.6250144150947707,-4.5640376160214435,1.9360200443576394
124.75,0.27404231898456355,3.7048500003729714,1.6250144150946308,0.4548211701837097,6.954878830562233
125.0,15.978282680030054,12.442692155687837,1.6250144150948407,9.192663325498156,15.692720985877518
125.25,18.478399888325995,19.17193765223419,1.6250144150940713,15.92190882204605,22.421966482422334
125.5,23.08475426744612,23.989688813233442,1.6250144150946308,20.73965998304418,27.239717643422704
125.75,29.49168591216385,30.937430197567664,1.6250144150946308,27.687401367378403,34.18745902775693
126.0,37.53887052914837,39.66682954497264,1.6250144150946308,36.41680071478338,42.91685837516191
126.25,46.183977680239806,46.9011006590772,1.625014415094491,43.65107182888822,50.15112948926618
126.5,55.85592802606196,53.3139118608251,1.625014415094561,50.06388303063598,56.563940691014224
126.75,60.30324895608515,61.26470360841813,1.6250144150946308,58.014674778228866,64.5147324386074
127.0,70.60121313077227,68.59630674616892,1.6250144150946308,65.34627791597966,71.84633557635819
127.25,69.88996530638872,71.96787396154468,1.625014415094351,68.71784513135599,75.21790279173338
127.5,73.16838838343716,73.82377612181153,1.6250144150942112,70.5737472916231,77.07380495199996
127.75,78.82726738714697,79.33472748734948,1.6250144150946308,76.08469865716022,82.58475631753875
128.0,88.4552028066179,88.02737563841129,1.6250144150942112,84.77734680822286,91.27740446859971
128.25,94.35803394991532,94.2854918391406,1.625014415094491,91.03546300895162,97.53552066932959
128.5,95.63186492946868,95.75507629807998,1.6250144150940713,92.50504746789184,99.00510512826813
128.75,96.68306409438713,96.41919346235545,1.625014415094421,93.16916463216661,99.66922229254429
129.0,100.26178143347656,100.31842744030382,1.6250144150947707,97.06839861011429,103.56845627049336
129.25,106.06197696041517,105.91587540291312,1.625014415094491,102.66584657272413,109.1659042331021
129.5,110.18493215986315,109.07668118873062,1.6250144150940713,105.82665235854247,112.32671001891876
129.75,112.11815151802224,109.23656798435331,1.6250144150949108,105.9865391541635,112.48659681454313
130.0,107.2689386254341,109.36042866251773,1.6250144150946308,106.11039983232847,112.610457492707
130.25,111.03608805395767,111.04169282830208,1.6250144150946308,107.79166399811281,114.29172165849134
130.5,113.57337341794839,113.05343083628327,1.6250144150946308,109.803402006094,116.30345966647253
130.75,112.7408317628945,114.11384626012864,1.6250144150946308,110.86381742993937,117.3638750903179
131.0,116.4736908162666,114.16022480197762,1.6250144150946308,110.91019597178835,117.41025363216689
131.25,112.7145633973312,113.57946410952445,1.625014415094421,110.32943527933561,116.82949293971329
131.5,115.913182319624,113.13281091337558,1.625014415094491,109.8827820831866,116.38283974356456
131.75,112.63622438463005,113.32292961906751,1.6250144150942112,110.07290078887908,116.57295844925594
132.0,113.27922765045126,113.14992466211015,1.6250144150942112,109.89989583192173,116.39995349229858
132.25,115.44241276991056,111.64656553434588,1.6250144150940713,108.39653670415774,114.89659436453402
132.5,107.04817923519599,109.94284705624523,1.625014415094491,106.69281822605625,113.19287588643421
132.75,109.61752354743753,109.22452209482435,1.625014415094491,105.97449326463537,112.47455092501333
133.0,109.28924025217584,108.8448116833315,1.625014415094421,105.59478285314266,112.09484051352034
133.25,109.1563755767176,108.71958178506247,1.6250144150946308,105.46955295487321,111.96961061525174
133.5,107.48112267613065,109.84202338204341,1.625014415094351,106.59199455185471,113.0920522122321
133.75,113.96453197936243,110.87976134063865,1.6250144150946308,107.62973251044939,114.12979017082792
134.0,104.33647673764757,108.96098688925485,1.6250144150946308,105.71095805906559,112.21101571944412
134.25,109.76673076769241,104.51897193801051,1.625014415094491,101.26894310782153,107.76900076819949
134.5,96.08468907414905,100.77765321206607,1.625014415094351,97.52762438187737,104.02768204225477
134.75,99.09609381638653,98.93220441978701,1.6250144150947707,95.68217558959748,102.18223324997655
135.0,96.58270228911623,97.75490728112527,1.6250144150947707,94.50487845093573,101.0049361113148
135.25,95.14120509829647,96.14077856277981,1.6250144150948407,92.89074973259014,99.39080739296949
135.5,92.56406987840144,92.89414029692307,1.6250144150947707,89.64411146673353,96.1441691271126
135.75,87.92483251961573,87.01881694631265,1.6250144150946308,83.76878811612339,90.26884577650192
136.0,79.56141678704797,80.30254766704547,1.625014415094491,77.05251883685649,83.55257649723445
136.25,74.08043057775036,75.51174315013895,1.625014415094491,72.26171431994997,78.76177198032794
136.5,72.83418420767667,71.35739728387307,1.625014415094491,68.10736845368409,74.60742611406205
136.75,62.60575819780127,64.33213071706632,1.625014415094491,61.08210188687734,67.5821595472553
137.0,54.93668570774018,55.08247020685849,1.625014415094421,51.83244137666965,58.33249903704733
137.25,48.96060108182665,47.615813690112645,1.625014415094351,44.36578485992394,50.86584252030135
137.5,42.77060080694446,43.10787036198235,1.625014415094351,39.857841531793646,46.357899192171054
137.75,40.47423337505633,38.97311327064449,1.6250144150947707,35.72308444045495,42.22314210083403
138.0,32.29732500550086,33.07110126216594,1.6250144150940713,29.821072431977797,36.32113009235408
138.25,28.719800807387617,25.66623276928931,1.625014415094491,22.416203939100328,28.91626159947829
138.5,16.201852464717962,17.917224158994486,1.6250144150942811,14.667195328805924,21.167252989183048
138.75,10.638766080478051,10.597965012922486,1.625014415094491,7.347936182733505,13.847993843111468
139.0,4.458407347616099,4.522093879518707,1.625014415094561,1.2720650493295849,7.772122709707828
139.25,-1.0322626705778368,0.8448552877900966,1.625014415094351,-2.4051735423986056,4.094884117978799
139.5,0.1258539250711752,-0.1959457662251225,1.625014415094491,-3.4459745964141044,3.0540830639638594
139.75,-0.8887973132309185,-0.048941746739956216,1.6250144150942811,-3.2989705769285185,3.201087083448606
140.0,-0.07068038165207131,-0.0470853317970068,1.6250144150942112,-3.297114161985429,3.2029434983914156
140.25,0.3342951284977145,0.1300331482252659,1.625014415094351,-3.1199956819634362,3.380061978413968
140.5,0.051142058552161786,0.8543227392913195,1.6250144150942112,-2.395706090897103,4.104351569479742
140.75,0.6953821649270487,1.1294767089771085,1.6250144150939312,-2.120552121210754,4.37950553916497
141.0,0.9001845640199633,0.45175856118817137,1.625014415094351,-2.7982702690005308,3.7017873913768735
141.25,0.7768950284840259,0.15440569304951168,1.625014415094421,-3.0956231371393303,3.4044345232383537
141.5,1.2825916692957262,1.1309105147388436,1.625014415094491,-2.1191183154501383,4.3809393449278256
141.75,0.6866773834251363,2.0848116217093775,1.6250144150942112,-1.1652172084790449,5.3348404518978
142.0,2.5445832477481742,1.6035415723258666,1.6250144150946308,-1.6464872578633951,4.853570402515128
142.25,0.18797358748610446,0.29227418152095197,1.6250144150947008,-2.9577546486684496,3.5423030117103536
142.5,-1.4481272594150476,-0.3937231316126599,1.625014415094351,-3.643751961801362,2.856305698576042
142.75,-0.0679802559844049,-0.1745711873027176,1.625014415094491,-3.4246000174916995,3.0754576428862643
143.0,0.26203581207438104,0.03968886758229928,1.6250144150952606,-3.210339962608222,3.2897176977728204
143.25,-0.8996947864877538,-0.3597708611978305,1.625014415094561,-3.6097996913869523,2.8902579689912913
143.5,0.189843392837443,-0.5955299839883992,1.6250144150946308,-3.845558814177661,2.6544988462008625
143.75,-1.4548224852577891,0.457191384368798,1.6250144150953305,-2.792837445821863,3.707220214559459
144.0,3.5875396874315424,2.0453826028242474,1.625014415094561,-1.2046462273648744,5.295411433013369
144.25,4.069644134233074,2.1660587860292253,1.6250144150942811,-1.083970044159337,5.416087616217787
144.5,-0.25251733430296475,0.8258881124490927,1.6250144150946308,-2.424140717740169,4.075916942638354
144.75,0.36345433783907316,-0.06618255791931915,1.6250144150942112,-3.3162113881077415,3.183846272269103
145.0,-2.0264007562980186,-0.18573562402025345,1.625014415094491,-3.4357644542092354,3.0642932061687285
145.25,-1.1563476602653329,-0.6370543204193382,1.6250144150946308,-3.8870831506086,2.6129745097699235
145.5,-0.2937789201521298,-0.8063663240100141,1.6250144150946308,-4.056395154199276,2.4436625061792476
145.75,-1.0721330214268592,0.5449301924863903,1.625014415094351,-2.705098637702312,3.7949590226750924
146.0,3.3525904072191444,2.1298840592330635,1.6250144150941412,-1.120144770955219,5.379912889421346
146.25,4.330672337034839,2.145092945106171,1.6250144150940713,-1.1049358850819715,5.395121775294314
146.5,-0.9785226267456538,1.623047336421223,1.625014415094351,-1.6269814937674791,4.873076166609925
146.75,2.5442602168189064,2.027222710946262,1.625014415094561,-1.2228061192428599,5.277251541135383
147.0,1.637976395066067,2.082923128663424,1.625014415094491,-1.167105701525558,5.332951958852406
147.25,1.6111161484996208,0.6550250495065484,1.625014415094421,-2.5950037806822936,3.9050538796953904
147.5,-0.11612196029240685,-0.20564025155454146,1.625014415094561,-3.4556690817436633,3.0443885786345803
147.75,0.24903612230694197,1.0357516481435596,1.6250144150941412,-2.214277182044723,4.2857804783318425
148.0,4.456649754734927,1.7131068123562727,1.6250144150940713,-1.5369220178318699,4.963135642544415
148.25,-1.6517591481792673,-0.35441557059857587,1.625014415094421,-3.604444400787418,2.895613259590266
148.5,-1.281069206845832,-1.314008785839178,1.625014415094421,-4.5640376160280205,1.936020044349664
148.75,1.3454965427509302,3.7048500003838853,1.6250144150940713,0.45482117019574275,6.954878830572028
149.0,14.093832037360734,12.442692155675104,1.625014415094351,9.192663325486402,15.692720985863806
149.25,18.395816194107955,19.171937652225097,1.6250144150940713,15.921908822036954,22.42196648241324
149.5,24.045894220551748,23.989688813246175,1.625014415094351,20.73965998305747,27.23971764343488
149.75,29.21922730856262,30.937430197562207,1.6250144150942112,27.687401367373784,34.18745902775063
150.0,41.01880976989083,39.66682954497446,1.6250144150940713,36.41680071478632,42.916858375162604
150.25,46.14993430081679,46.90110065907356,1.6250144150940713,43.65107182888542,50.151129489261706
150.5,54.7099602307558,53.31391186081237,1.625014415094421,50.06388303062353,56.56394069100121
150.75,59.240777148184584,61.26470360844178,1.6250144150942811,58.014674778253216,64.51473243863035
151.0,70.52417013371952,68.59630674617256,1.625014415094491,65.34627791598358,71.84633557636154
151.25,69.96601670769294,71.96787396153559,1.6250144150941412,68.7178451313473,75.21790279172387
151.5,75.49227321876855,73.82377612182972,1.6250144150940014,70.57374729164172,77.07380495201772
151.75,79.57269011378082,79.33472748732947,1.625014415094351,76.08469865714078,82.58475631751817
152.0,86.67012801621736,88.02737563844858,1.6250144150940713,84.77734680826043,91.27740446863672
152.25,94.98216904166462,94.28549183909035,1.6250144150940713,91.03546300890221,97.5355206692785
152.5,93.8067507561042,95.75507629811182,1.6250144150938612,92.5050474679241,99.00510512829953
152.75,96.57369497973934,96.41919346233999,1.625014415094351,93.1691646321513,99.66922229252869
153.0,98.16972097996951,100.31842744031928,1.625014415094351,97.06839861013059,103.56845627050798
153.25,107.19667139018898,105.91587540289765,1.6250144150942112,102.66584657270923,109.16590423308608
153.5,108.48051784714522,109.07668118873062,1.6250144150937913,105.82665235854303,112.3267100189182
153.75,109.20657992013773,109.2365679843524,1.625014415094561,105.98653915416328,112.48659681454153
154.0,108.95290828156791,109.36042866252137,1.6250144150942112,106.11039983233294,112.6104574927098
154.25,112.16542823134898,111.04169282832481,1.625014415094351,107.79166399813612,114.29172165851351
154.5,111.62361228023526,113.05343083626076,1.6250144150942112,109.80340200607233,116.30345966644919
154.75,114.38335459861062,114.11384626014933,1.6250144150940713,110.86381742996119,117.36387509033747
155.0,114.6292170026303,114.16022480195033,1.6250144150942112,110.91019597176191,117.41025363213876
155.25,113.18920678319434,113.57946410955628,1.6250144150939312,110.32943527936843,116.82949293974414
155.5,114.72705019103189,113.1328109133774,1.6250144150940713,109.88278208318926,116.38283974356554
155.75,111.88507263369598,113.32292961901567,1.6250144150939312,110.07290078882781,116.57295844920353
156.0,113.49213512052849,113.14992466213744,1.6250144150940713,109.8998958319493,116.39995349232558
156.25,113.34424240107593,111.64656553431541,1.6250144150940014,108.39653670412741,114.89659436450341
156.5,106.99831139042395,109.94284705629252,1.6250144150940713,106.69281822610438,113.19287588648066
156.75,111.92128828316582,109.22452209481162,1.6250144150939312,105.97449326462376,112.47455092499948
157.0,108.69721840769176,108.84481168335151,1.6250144150939312,105.59478285316365,112.09484051353937
157.25,106.29126129514496,108.71958178504792,1.6250144150940713,105.46955295485978,111.96961061523606
157.5,110.65781874332306,109.84202338208706,1.6250144150937913,106.59199455189948,113.09205221227465
157.75,115.87638902931832,110.87976134056225,1.6250144150940713,107.62973251037411,114.1297901707504
158.0,104.46997878981598,108.96098688928032,1.6250144150939312,105.71095805909246,112.21101571946818
158.25,106.68208006633866,104.51897193801415,1.6250144150939312,101.26894310782629,107.769000768202
158.5,98.16846540285358,100.77765321206243,1.6250144150939312,97.52762438187457,104.02768204225029
158.75,99.59643664165003,98.93220441981612,1.625014415094491,95.68217558962714,102.1822332500051
159.0,98.07924659932806,97.7549072811089,1.625014415094491,94.50487845091992,101.00493611129788
159.25,94.85404652273857,96.14077856280892,1.6250144150946308,92.89074973261965,99.39080739299818
159.5,92.89596511976897,92.89414029688851,1.625014415094351,89.64411146669981,96.1441691270772
159.75,88.62856652035158,87.01881694632539,1.625014415094421,83.76878811613655,90.26884577651423
160.0,78.32038873617668,80.3025476670282,1.6250144150942112,77.05251883683977,83.55257649721662
160.25,74.93881218082531,75.51174315016988,1.6250144150942112,72.26171431998145,78.7617719803583
160.5,74.68348094900261,71.3573972838376,1.6250144150942811,68.10736845364903,74.60742611402617
160.75,63.78625457218144,64.3321307170695,1.6250144150940713,61.08210188688136,67.58215954725765
161.0,53.89251090477262,55.08247020687759,1.6250144150940713,51.832441376689445,58.33249903706573
161.25,48.155931897033646,47.61581369010537,1.6250144150940713,44.36578485991723,50.86584252029351
161.5,43.00081963625692,43.10787036201418,1.6250144150941412,39.8578415318259,46.35789919220247
161.75,38.18702832679785,38.97311327060993,1.625014415094491,35.72308444042095,42.22314210079891
162.0,32.1652977076695,33.071101262173215,1.6250144150937913,29.821072431985634,36.3211300923608
162.25,26.29426355519374,25.666232769282487,1.6250144150942112,22.416203939094064,28.91626159947091
162.5,18.136771648726516,17.917224158977206,1.6250144150940014,14.667195328789203,21.16725298916521
162.75,10.77167656500767,10.597965012938857,1.6250144150941412,7.3479361827505745,13.84799384312714
163.0,6.879822539092997,4.522093879498698,1.6250144150942112,1.2720650493102754,7.77212270968712
163.25,-1.1037406977820072,0.8448552878221562,1.6250144150942112,-2.405173542366266,4.094884118010579
163.5,1.9575848794750428,-0.19594576623444482,1.6250144150940014,-3.4459745964224475,3.054083063953558
163.75,0.3194002637912288,-0.04894174674018359,1.6250144150940713,-3.298970576928326,3.201087083447959
164.0,-0.8690472478647824,-0.04708533179336882,1.6250144150937913,-3.2971141619809514,3.2029434983942138
164.25,0.17739611463694044,0.1300331482123056,1.6250144150939312,-3.1199956819755568,3.380061978400168
164.5,1.2125188368316004,0.8543227393010966,1.6250144150940713,-2.395706090887046,4.104351569489239
164.75,1.137125738070161,1.1294767089602828,1.6250144150938612,-2.1205521212274396,4.379505539148005
165.0,-1.6919626491697632,0.45175856116748037,1.6250144150939312,-2.798270269020382,3.7017873913553427
165.25,0.01991952970563249,0.1544056930545139,1.625014415094351,-3.0956231371341882,3.404434523243216
165.5,0.5398168819252306,1.1309105147438459,1.6250144150940713,-2.1191183154442967,4.380939344931988
165.75,0.997252589425966,2.084811621722338,1.6250144150936514,-1.165217208464965,5.33484045190964
166.0,1.914567557233254,1.6035415723104052,1.6250144150942112,-1.6464872578780172,4.8535704024988275
166.25,-1.7056522160155172,0.292274181513676,1.625014415094421,-2.957754648675166,3.542303011702518
166.5,-1.615658339320678,-0.39372313161084094,1.6250144150941412,-3.6437519617991234,2.8563056985774415
166.75,0.48206683552552526,-0.17457118731431365,1.6250144150942112,-3.424600017502736,3.0754576428741087
167.0,-0.5227186961696804,0.03968886756729262,1.6250144150947707,-3.210339962622249,3.289717697756834
167.25,-2.564744341820567,-0.35977086119601154,1.6250144150938612,-3.609799691383734,2.890257968991711
167.5,0.7848440366081351,-0.5955299839579311,1.6250144150937913,-3.8455588141455137,2.6544988462296515
167.75,0.27236975527423984,0.45719138435924833,1.625014415094351,-2.792837445829454,3.7072202145479505
